uid,domain,text,gold,source,leaked,text_chars,n_near,n_far,max_gold_sim_near,max_gold_sim_far,text_sha256
clinc:0,clinc,that is the wrong answer,no,clinc150,0,24,63,63,0.8135,0.4043,5723f74333dd38a76dca1576ed46e544113edc2a00adbeb70e9299e890f5c980
clinc:1,clinc,do you know how i order more checks for my well's fargo account,order checks,clinc150,0,63,63,63,0.713,0.4438,718c6a4914d85fdadd90b8be6806b3faf25e52aea50f559e3d3c2564a15fbf83
clinc:2,clinc,will i incur transaction fees if i use my american card internationally,international fees,clinc150,0,71,63,63,0.7168,0.4145,e33983dca177d4cc0edae3c63c3499532c8c5a4e6d05941a93b6ce6c354cefb0
clinc:3,clinc,can i share my location with david,share location,clinc150,0,34,63,63,0.6975,0.4068,b9a9ed5e662c9b9d7b0b99d8a9b8bdd176a570acac6d2812ded7a637eae8d093
clinc:4,clinc,will i get getting my new card anytime soon,replacement card duration,clinc150,0,43,63,63,0.7157,0.4134,861dbb5f539c4ed490a9b2ddd748e3db913ce8bded12fec051db5e018912cca3
clinc:5,clinc,would it be possible to change your name to coraline,change ai name,clinc150,0,52,63,63,0.6178,0.4034,7ff29cc88f1cf56bdf37781c35280bec0968a99c444ad30b04cf7ced374fdb38
clinc:6,clinc,"tell me the date, please",date,clinc150,1,24,63,63,0.6992,0.4933,72189be083aacecc7060e6bdfc839757849de5593b8617f8cc5b99116ac5312a
clinc:7,clinc,see how many days i've taken off so far,pto used,clinc150,0,39,63,63,0.8051,0.4528,cf6f173d2f42d1459647ea277e3e81cfa284988d3952f0f55b48f12890625992
clinc:8,clinc,i can't use my card because it’s broken,damaged card,clinc150,0,39,63,63,0.7283,0.4209,ad06b71067f4ffec60ff558bec5334a9114395f732da8e69a8b9345cbbfc362c
clinc:9,clinc,can i get to work on my fuel tank,gas,clinc150,0,33,63,63,0.8404,0.4832,99d85c38308677e7b81546c4baf0893e37fc0e0b775484bf65159f791e564cca
clinc:10,clinc,can you calculate the square root of 172,calculator,clinc150,0,40,63,63,0.6157,0.4756,f07a20bd20c41a85a108d42b5ceea8e98f86f76295373527795156e430bf81d0
clinc:11,clinc,what is the name of the place you work at,who do you work for,clinc150,0,41,63,63,0.6461,0.4663,5bdceb8972a12974b24f20da2c6b2dc66ad6a3b4de3a046a16a74766181f8109
clinc:12,clinc,what is your name,what is your name,clinc150,1,17,63,63,0.5935,0.4556,213c227ae6f44f34e4cfe636056bf73d0edf8d7380bcd410519f9746eae7d9fd
clinc:13,clinc,where were you put together,where are you from,clinc150,0,27,63,63,0.6646,0.4401,9afa0b601222b10ffd0b390cd5f14425672ae268d8af1ddcb12bd3e0336fc476
clinc:14,clinc,my capital one visa was taken without permission,report lost card,clinc150,0,48,63,63,0.7283,0.4187,1686d6a2318b47644f89198b6459987a0d9304718b0c749c78b155ca395c9a33
clinc:15,clinc,it is false,no,clinc150,0,11,63,63,0.8135,0.4043,9a92ce784fe45ef3b993b0aadc55fd4d98fc95137b63703c8d543877207881fd
clinc:16,clinc,can i get this car's mpg,mpg,clinc150,1,24,63,63,0.6536,0.4287,7aa9b9d0281f39e4a2be4d18f3acacb7d6513587fc1d24ea44f3926556370a23
clinc:17,clinc,reserve a table at tropicana for 5 people under the name martins for 8pm,restaurant reservation,clinc150,0,72,63,63,0.7432,0.4596,063b5fbd11ce41c046777987fd5b470460d5e0c1ad0d12b3621b587d9c78d861
clinc:18,clinc,what does chase pay in interest per year,interest rate,clinc150,0,40,63,63,0.7192,0.4551,2e7b5d8c212e5f7710afc52d738aab6156b0fb4ecaa797dfa2a6796bf90253c6
clinc:19,clinc,can you overnight me a few checkbooks,order checks,clinc150,0,37,63,63,0.713,0.4438,a3a44fb16cbbfdeb1ea91abc0d4c6536165e5a28653a3cca56be1c99f6976295
clinc:20,clinc,what time is my meeting with design team scheduled for,meeting schedule,clinc150,0,54,63,63,0.6959,0.4232,df15dc0f4a11c0e8d4252bf93fbc8a7592f4f0e32c6569ceceafcdd51bcf53db
clinc:21,clinc,nope that's not it,no,clinc150,1,18,63,63,0.5629,0.4036,aef87f38c358b39278949dc841cb9ef7f5c411d888ce8b9dc971151cfcc1c75b
clinc:22,clinc,i want to use my card reward points,redeem rewards,clinc150,0,35,63,63,0.6448,0.4393,ff2755de89691b48c63e582087241966d273b6b3774ce77c8761906e1710fcfc
clinc:23,clinc,who do you report to for your work,who do you work for,clinc150,0,34,63,63,0.6541,0.4663,cfa4eff99084c680ca17bf68ee3cceb510075289f4aa5ba9232a5e5eb376305d
clinc:24,clinc,what is the result when you roll a four sided die,roll dice,clinc150,0,49,63,63,0.6823,0.4493,9cee463a6fe75782361610184ca28fe9aaf21586005b78bbe3ca36ebd1bc09b8
clinc:25,clinc,go to whisper mode until this movie is over,whisper mode,clinc150,1,43,63,63,0.5933,0.4381,ecf9d07590f40f1f1c09764f778dfeaf49b30ae4d368c6cb1ba89b5806943822
clinc:26,clinc,where is the nearest movie theater to time' square,directions,clinc150,0,50,63,63,0.6354,0.4965,d7f8052b2bb8056ad1faad703102daef913ff774dd76e91e49c8a49ab74abd68
clinc:27,clinc,i want an uber for one person to go to bank of america,uber,clinc150,1,54,63,63,0.6812,0.4788,d349e140190309eed6c5c95ee8ffda6a5cc436c02d54e4601832da0b3f50a166
clinc:28,clinc,just toss a coin,flip coin,clinc150,0,16,63,63,0.6177,0.4367,65e54c6f19b4b6cf0656bd464c42f7a0ad5be2aa9b1ddc31f3b8af3601277147
clinc:29,clinc,i need to know how you are doing today,greeting,clinc150,0,38,63,63,0.6385,0.4633,9b94ce51a9e19cd79e6c1b68ff6db4e5ace4e7f513bbc3074f2829aaa96194b1
clinc:30,clinc,make my location available with david and kate,share location,clinc150,0,46,63,63,0.6975,0.4068,5de4abce1d713317177cac0988e7dee78cfc81038b951ef18764c65ae3de9abf
clinc:31,clinc,what type of gas should i use,gas type,clinc150,0,29,63,63,0.6369,0.4369,1979e93a96779cba0c5b6e61e7205f824d74bd1e3e90a39b544bc23dc4528317
clinc:32,clinc,what is 1243 times 45,calculator,clinc150,0,21,63,63,0.6157,0.4754,0559a1bbbf150dc322b5c77efa990631ea4f11ea4576fdf423c1777980f3c946
clinc:33,clinc,give me an eta on when i will arrive at my destination,distance,clinc150,0,54,63,63,0.6623,0.4794,63b7b4490f1a200212dce64229b0fda01b8f9fc72afded449b983be0ca4e1fee
clinc:34,clinc,who is it that you work for,who do you work for,clinc150,0,27,63,63,0.6513,0.4663,50e7184d60a12bd96ae3a32dae4d3003ba92fe1e4a8f80ed71019d2a9145ab6e
clinc:35,clinc,set the alarm now,alarm,clinc150,1,17,63,63,0.6637,0.5044,f867e7c31c59e5ca43150a38dc1e0f595b6a8199d9dfba2fca5fb17286c8a84d
clinc:36,clinc,las vegas weather today,weather,clinc150,1,23,63,63,0.6612,0.4805,8122064104c6b2799ffa2304548be205f8c1ab136c8a0f3ba465fd16222dae48
clinc:37,clinc,where can i find measurement conversions,measurement conversion,clinc150,1,40,63,63,0.5895,0.4217,8127ee195021accea4e8f9cd2c928d38bc9af9c65d9ae6565105b95c34449589
clinc:38,clinc,please alert my bank i'm going to be in the caymans from may 1st to june 2nd,travel notification,clinc150,0,76,63,63,0.7346,0.4379,43e8690395bfadd6cd00b0d894bbc2890d0eb1d5a9104688d716ebf96efffbe0
clinc:39,clinc,show me the nearest gas station,directions,clinc150,0,31,63,63,0.6354,0.4965,f0f97de4aa84d42a73acaf0b4ba0c27d1ccf1f16d000f081f86115a34914f940
clinc:40,clinc,tell me what subjects you like,what can i ask you,clinc150,0,30,63,63,0.6125,0.4292,4040d90577d3b041c7038b40d58701593f1f857383025b9884159ff364c678e9
clinc:41,clinc,change audio settings to the whisper option,whisper mode,clinc150,0,43,63,63,0.568,0.4381,6381d309c4d6b7998a46859586996113a16120dd20d067f300c60618740ff965
clinc:42,clinc,how many vacation days are remaining on my time,pto balance,clinc150,0,47,63,63,0.8015,0.4182,7fc97d46a713e5bcc06072fb4f3b161f2cf36dbdeea559e8bfdfe995165a6b7c
clinc:43,clinc,repeat what the weather will be like,transfer,clinc150,0,36,63,63,0.689,0.4642,b55bd6ed494d7c51fbce2694478ee998fd6c5f3bd78fe5ccd0c80c40a99349e6
clinc:44,clinc,i need to know the price of my car payment and insurance please,bill balance,clinc150,0,63,63,63,0.8048,0.4489,15b611c6fba8da6a48a04c5ecc97a47bdccc09df409de40c279dbae813f46643
clinc:45,clinc,what restrictions do they have for carry-on,carry on,clinc150,0,43,63,63,0.5566,0.4224,faabe66060ba8d1af065c544bbc73d58ba7475427a2a67e1c5faf84ff7939014
clinc:46,clinc,is there traffic on my work route,traffic,clinc150,1,33,63,63,0.7145,0.4913,f66893b5f5ae8701846ac66981b25f64421203c96b72e0cc02c0d66bfba1d844
clinc:47,clinc,confirm my reservation for acero at 7,confirm reservation,clinc150,0,37,63,63,0.6642,0.4232,f5b4a9936e3c6fa5e10bb231f324f83c8bc4bac7569776a35dd21afaca09425d
clinc:48,clinc,make 1234 a new pin for my savings account,change pin,clinc150,0,42,63,63,0.5967,0.3928,850d186f8bf3f43c07d8b8d97dd64319901350aa557e7c048f161fbb52078e82
clinc:49,clinc,phone number to state farm to change insurance,insurance change,clinc150,0,46,63,63,0.6694,0.4245,4972cc26f7af6b063a90e931f0c78cf62be6571a20bb7cfcecb71d3506a5d9c4
clinc:50,clinc,what do i need to use to make lasagna,ingredients list,clinc150,0,37,63,63,0.7322,0.4524,d62e3bcd2c746fdfcc4e52fd5bb35a5906c0bbd5427e93f21354e2a2eaa4c7d6
clinc:51,clinc,is there a fee for using my card in portland,international fees,clinc150,0,44,63,63,0.7168,0.4145,850c96ec09f5ec8ed893f5b90d19236eaa8e02ddcc52501f829f87e80a904dfe
clinc:52,clinc,is it possible to set a timer,timer,clinc150,1,29,63,63,0.7825,0.4781,94b6e5c7d37940d36fd577e0d3da6967ada65f5747d68581e843d762c6d8f841
clinc:53,clinc,can you call alexa,make call,clinc150,0,18,63,63,0.7467,0.4483,c7a612402cf6eb02b5dfee808d2e7d3ae439235526a4fe0de9763ed0f844bfe4
clinc:54,clinc,i think my luggage is lost,lost luggage,clinc150,0,26,63,63,0.5836,0.4063,2d3f01fa872d0a58eaf52dfd27d4b0147645ee7cf7928c87bac131ea8c9b2278
clinc:55,clinc,how can i rehabilitate my poor credit score,improve credit score,clinc150,0,43,63,63,0.5618,0.4122,e09cefccfcd6a5bd263cacc10e201b41cdf83f1002ef2b7110c62944398edc9c
clinc:56,clinc,please remove current settings and go back to factory settings now,reset settings,clinc150,0,66,63,63,0.6393,0.4094,5139beb5d968be15dac3cbb4f9826dfbef069bce9ff53a7ce561e083ec9b910a
clinc:57,clinc,my list of reminders contains what,reminder,clinc150,1,34,63,63,0.6789,0.4494,92c0d342bd1cd8dc146e2aef95f60ac701d44977664a5f5978d9ab5909474d9c
clinc:58,clinc,"i need a w2, so where is it",w2,clinc150,1,27,63,63,0.6118,0.4578,6af4240467e59b811aa29b655e64abb4406f2c8a3cb3cf0225bd71d1724a797c
clinc:59,clinc,refer to me as bailey,change user name,clinc150,0,21,63,63,0.6845,0.4178,b8099d95d9ca48aed5ce89e85ed7dbb2cf0bcf2d03098bf1998d54dc13eb363e
clinc:60,clinc,i wish to apply for a visa card,new card,clinc150,0,31,63,63,0.7244,0.4303,18aad471b8e7e6193ad6b06facdcb53367ecdb094392cd766482e6366b2b233b
clinc:61,clinc,change audio to whisper mode,whisper mode,clinc150,1,28,63,63,0.568,0.4381,fbff87c6be43cdc45cf1ad6cfac15f586e2f4aa88d27bcd73b882dc4b2bc08b6
clinc:62,clinc,did i bring my car to the shop last week,last maintenance,clinc150,0,40,63,63,0.7419,0.4202,d32efb5e4056e7ae06898fceaff834e0acc53488d81a88ad923ec0540e9fd784
clinc:63,clinc,let me hear my slow songs,play music,clinc150,0,25,63,63,0.747,0.4415,52f93f75259d40c0e5f48d60f7a8393d0d51f96116718d47e2fe449b8de85f76
clinc:64,clinc,"yes, ai, that is correct",yes,clinc150,1,24,63,63,0.8135,0.4314,3cf6d4ab760f7d10a64c7cc45c1e56704ff92eeef0285a5a15f15c3eb3f086b5
clinc:65,clinc,i would like you to cancel the dinner reservation for williams at the palace tonight,cancel reservation,clinc150,0,84,63,63,0.7813,0.444,08351d2b0281e156914b875942f0098c8ae98eb5c164d920dfea357d7e913336
clinc:66,clinc,how old,how old are you,clinc150,0,7,63,63,0.6094,0.4309,9475a71a4cf1d613c9065154b0d932e7e2f46303e6598f83e136c1c3e8426983
clinc:67,clinc,when is the next time i should get my tires changed,tire change,clinc150,0,51,63,63,0.6292,0.414,6180dd271a7cf683821fb338f9c38bec34c6a85e37ec8481caa6a79f5d163db6
clinc:68,clinc,read my reminder list,reminder,clinc150,1,21,63,63,0.6159,0.4475,3b062d60670107547c9ee2f79a4693ab1ea138b5ba818215e64e841e8a7d35e5
clinc:69,clinc,place an order for my entire shopping list,order,clinc150,1,42,63,63,0.7117,0.5,98e527491316535269412c2c47883539c52bd97ab212c1eb126aa3a7c7ef0e24
clinc:70,clinc,transfer seventy dollars between national and citizens accounts,transfer,clinc150,1,63,63,63,0.689,0.4642,e3e6a8d1cfb6a69b9362a0fe04554444d322f0c9b9edb6971dccdec1a2285613
clinc:71,clinc,can you tell me how to change my oil and what kind i use,oil change how,clinc150,0,56,63,63,0.6014,0.4178,61125a24f5c78f803087aeee67e7db3d8dcd4f70149a7bd6d7965279b1978fbc
clinc:72,clinc,please call me bailey,change user name,clinc150,0,21,63,63,0.7472,0.4178,24bfd1cf8be6e5a44bee0b41111a699ad00d61c34f4b322230255246697caea0
clinc:73,clinc,can i put in a pto request for monday to wednesday,pto request,clinc150,1,50,63,63,0.635,0.436,80befe9586b40658c6319d7c4d28893e9268509a3072dfb8183c2850b744fcc5
clinc:74,clinc,can you make 1234 the pin for my savings account,change pin,clinc150,0,48,63,63,0.5967,0.393,54289fda989cfae191d1b3bfb61b188ac9d2f12f7d3e1d1d05e0d1693e2c1549
clinc:75,clinc,what does post rush hour traffic generally look like heading into the lincoln tunnel in manhattan from new jersey,traffic,clinc150,1,113,63,63,0.7145,0.4917,652358d33df6ee1e08d667b838cffca34791e3940fe1f15022cb09c37a33c4da
clinc:76,clinc,what interest rate am i getting from wells fargo,interest rate,clinc150,1,48,63,63,0.6644,0.4397,f8975e11352abb15714a5a6e28131cc3869d3818cb791e3997320b0eb8b95ed9
clinc:77,clinc,"i don't like this song, can skip it",next song,clinc150,0,35,63,63,0.6952,0.4383,499eb68bdf47629a5dc8dbcd3aa2834f735c37d18c20875b83b760bd37b6022c
clinc:78,clinc,tell fred that i don't have his guitar,text,clinc150,0,38,63,63,0.6459,0.4947,fc71c7ab40664b2908b41930d5cfb0380212529a94315c1cda7dc63f2274515a
clinc:79,clinc,what are my finances like lately,spending history,clinc150,0,32,63,63,0.6931,0.4491,a8c32a69a1072b36fe4cdc74ff12a976a3868edc9780829762f5c418467d4eb0
clinc:80,clinc,take dishes off the to do list,todo list update,clinc150,0,30,63,63,0.744,0.4001,a00af7dd0cc6018230bee188a25acec97519a688c4f8d27fa7ceddf4283d12a3
clinc:81,clinc,find the nutrition info for cucumbers for me,nutrition info,clinc150,1,44,63,63,0.646,0.4151,6853ed04963fed66a456e3166d137dc0cedc7126ebf79cb5b9555335fb64fd88
clinc:82,clinc,is it possible for me to increase my credit limit by 500 dollars,credit limit change,clinc150,0,64,63,63,0.6354,0.389,8a3671d25b634727922abf32e591b0145f7bdee9002287cba75351025867cfde
clinc:83,clinc,how much have i spent this week,spending history,clinc150,0,31,63,63,0.6401,0.4491,22a1da51ea6cad109152cbe34ee86b1948f6e8261cff8e44aca4bf8219327fd0
clinc:84,clinc,i am not able to say,maybe,clinc150,0,20,63,63,0.712,0.3891,045caa31fd56caceeceb02368e3c70661d4fe86406d57822d3380302637d0bd4
clinc:85,clinc,how do i submit an application for a discover card,new card,clinc150,0,50,63,63,0.7244,0.4184,f61cffd0804edab39a078ee178f7e14cc075ae9c42e3a7b308c57475764757c3
clinc:86,clinc,i need to know when i should change my tires,tire change,clinc150,0,44,63,63,0.6292,0.414,382f4f1e296ee0026c5424fd50559790834891b483aab1f0cb787a47ffd6ee6c
clinc:87,clinc,can i reserve tables at the new york restaurant,accept reservations,clinc150,0,47,63,63,0.7813,0.4586,89e769362d94d0ca2f2178625ea0dbd82b3be8009c3604697be903fbe740a28b
clinc:88,clinc,i've got a fraudulent purchase from kayak on my account,report fraud,clinc150,0,55,63,63,0.6588,0.4396,6e8a2f0c6ce8c23f151ecc21fee699325c2996d545c21e875363cd404481413d
clinc:89,clinc,please switch my name,change user name,clinc150,0,21,63,63,0.6414,0.4178,2d75ec47f7638a897d12778e7a84566486233bca1026499bc413754ec23a38e8
clinc:90,clinc,tell me what the status is for my aa flight,flight status,clinc150,0,43,63,63,0.6443,0.4262,42b6ca5d6ad74b87544e694dfd6f5b55e45c104d3f7ce122ec8bb14448534a06
clinc:91,clinc,it was a pleasure talking to you,goodbye,clinc150,0,32,63,63,0.628,0.4498,f51ac59a60b55caf701f8501e1ec56491a94acec19b38c634d454579c5c5f051
clinc:92,clinc,can you text dave and tell him i like his paper,text,clinc150,1,47,63,63,0.6446,0.4947,5c2d86d229d625ef6d422ea2d40db2e05cd39a3d764ca11a8cf0d42fc23f8061
clinc:93,clinc,did the application for my visa card finish,application status,clinc150,0,43,63,63,0.7647,0.4524,8eb3d12771790f90fea0521853bd604afdb8047893e68ee14741bba7a5e2254d
clinc:94,clinc,"no, definitely not",no,clinc150,1,18,63,63,0.5131,0.4043,98bb5aca998863f5b353ffdfa6c0627ec66a26d0129f9f7ae587f83fa9b28ce4
clinc:95,clinc,when is my electric bill due by,bill due,clinc150,1,31,63,63,0.7306,0.4602,230a43ef40f869e9edbb482dd4457aa8ec2bdd0ee61513b11781d1d1e3fbd3e0
clinc:96,clinc,who do you take your orders from,who do you work for,clinc150,0,32,63,63,0.6541,0.4663,45442fd91fdea75166bd27df6e38e6ac408f8780ad0a3a63a50dbc46960b0797
clinc:97,clinc,what do i have in my bank accounts right now,balance,clinc150,0,44,63,63,0.7274,0.5016,9f0f90519bd85051e415c061913abfa40a290008e4c5000a63392c9f9e3e3445
clinc:98,clinc,tell me the last day i can pay my gas bill,bill due,clinc150,0,42,63,63,0.8048,0.4602,04e1d604e573dc75ebf95d4ffb3fe602d383e272d5efe6fcb713e4b2b448250f
clinc:99,clinc,i've lost my luggage what should i do now,lost luggage,clinc150,0,41,63,63,0.6003,0.4063,43cf3da116143b5e4f9eb08d802c963cbddda5ceb09bce05724ef905a5090824
clinc:100,clinc,create a reminder to change my oil,reminder update,clinc150,0,34,63,63,0.6764,0.4137,fc06c895031697d2e167c165c3c91ec160bfbdfa639b265181ad957717901c9f
clinc:101,clinc,how much is my telephone bill this month,bill balance,clinc150,0,40,63,63,0.7395,0.4489,1ab173dfcfe6c20408d5d4bb9baab51d719927f07b573263643d19ca2bb4c10b
clinc:102,clinc,do i have any items on my calendar for march 21st,calendar,clinc150,1,49,63,63,0.7472,0.468,ac8fe463cfda174095c95076074485258f49a3f8fbb1ed07ccd00eb961fdf867
clinc:103,clinc,please tell me how to spell the word coup,spelling,clinc150,0,41,63,63,0.6595,0.4931,f244d58c46213709edd5f299ccf6cd5f96b8f4894f0ec336f1b7167650a209cd
clinc:104,clinc,what do you think i'm called,user name,clinc150,0,28,63,63,0.6414,0.4714,5115ee4f106f8c00f645980a504dbe763801ee3385455d9dbce0e6f320a4d076
clinc:105,clinc,can you find me a brisket recipe,recipe,clinc150,1,32,63,63,0.6642,0.4459,1c8913903ac6a46a9b774d3dc6fca1ba9f586a9095fccf551dba4388fbaef386
clinc:106,clinc,when are we off work next,next holiday,clinc150,0,25,63,63,0.6656,0.4375,9e5fec63267fee7319348bcbb568db2817b5e591718b8e2a0e8947a77c6808bd
clinc:107,clinc,what is the longest i can leave meatballs in sauce in the freezer before it is no longer safe to eat,food last,clinc150,0,100,63,63,0.6367,0.4378,718d9c672bfd556ae1720f9a5c74f7ae3a9808bbbe8d4a63378792677756db60
clinc:108,clinc,do we know if my reservation for john at bardenay was accepted,confirm reservation,clinc150,0,62,63,63,0.6642,0.4232,4c43b2ee8e29a9fd3b76c405e89c76e689171bf7daed611de56bd7af60e47684
clinc:109,clinc,i need to know when my electricity bill is due,bill due,clinc150,0,46,63,63,0.7306,0.4602,1cb1eb56bc4880f72ca89a89b5133d34c62fa93b478cc0cddaf6f840f8441ff2
clinc:110,clinc,could you please inform me what health plan i am currently on,insurance,clinc150,0,61,63,63,0.725,0.4942,a04611176993c3a27ed741e043efd0247d1e7c7a9aa92ce4dcefbc764d7037f3
clinc:111,clinc,what does adulation mean,definition,clinc150,0,24,63,63,0.6365,0.445,28a2b04738ec671dc13e6a4f33dcc867350d147b79b433b37563f92ecfe9bfdf
clinc:112,clinc,what's the meaning of naff,definition,clinc150,0,26,63,63,0.631,0.4478,5989d1e1b773bfc47597017356db2e905f9a5dcabaa43a391f0e4c7bc8f05715
clinc:113,clinc,how much are the taxes on my income,taxes,clinc150,1,35,63,63,0.7031,0.4689,a09ef22d46ce3ff1935e9b03b4ebfc290a8c3df17af1723582ab6e292715d45a
clinc:114,clinc,is garlic on my grocery list,shopping list,clinc150,0,28,63,63,0.8082,0.463,f9dbf686c3b35468a2e3ddca16949c3c375b5c7364eb07ffc8a9acd346ff5ef9
clinc:115,clinc,when is the next time i'll receive a paycheck,payday,clinc150,0,45,63,63,0.6585,0.4777,6766912c918636f8da9e675dd10fd396e0ef1b0fed111d6b69bd4a70e3dba436
clinc:116,clinc,check how busy cheesecake factory is,how busy,clinc150,1,36,63,63,0.5829,0.4738,cf11a8eb55ed85c568fb8767135c6774fb17b44918e93bc6e4347fc9fec57e93
clinc:117,clinc,i need a dice roll for a six sided die,roll dice,clinc150,0,38,63,63,0.6823,0.4493,89955c68585ed4ad3da908ed0507d6f2e3a80e30d13668ee509d55aa77f3707e
clinc:118,clinc,i want you to change to the male voice,change accent,clinc150,0,38,63,63,0.6036,0.4036,6ec6de4fa62bf62bc142824d1d63952ba73896109fe9ae614e4d73d40e99e2b0
clinc:119,clinc,what do i have to do to use my credit points acquired through purchases,redeem rewards,clinc150,0,71,63,63,0.6448,0.4393,7dc66d0fc806164dc4f2483ad726260bb1175d6e4556826ead017aa5fcd6769b
clinc:120,clinc,can you tell me the apr of my target credit card,apr,clinc150,1,48,63,63,0.6533,0.465,d78debc63b9f450284e90cf514169a20d173f4fc4683bc14265e8927bdeafb3b
clinc:121,clinc,"on my way to work, is there traffic",traffic,clinc150,1,35,63,63,0.7145,0.4917,d85be1884280e6c1d0c471174f78a4ea4e1c7f4ba8a3fd008f819aef4ae1c385
clinc:122,clinc,what is the exchange rate between us dollars and japanese yen,exchange rate,clinc150,1,61,63,63,0.7192,0.4445,08bedd9164f509b29aec66cb08f75a7892b090348da067ddd7cd92c85a24154e
clinc:123,clinc,is the wait at pizza hut long,how busy,clinc150,0,29,63,63,0.6927,0.4738,7948e1486c6ad3ad071ac69f0f401fae21d4c5bbb89088591b075a6bd61ac241
clinc:124,clinc,can i edit my insurance policy,insurance change,clinc150,0,30,63,63,0.6694,0.42,726bd5172030770ae0fc0c593a2340b8882f41ec5432cbefa3244e78107e5f9f
clinc:125,clinc,"use my navy federal account and pay this month's verizon bill, please",pay bill,clinc150,0,69,63,63,0.817,0.4705,dbfa1aee5347aa16c79ab81136920ef9600f1967ada88e254fb50f68e072ba0b
clinc:126,clinc,i can't use my card because it’s damaged badly,damaged card,clinc150,0,46,63,63,0.7283,0.4209,b1155559d7b27d0ac4db4aaf2ff386e18bceb1171fcf5901824589056f0a2698
clinc:127,clinc,give me the date of my last oil change,last maintenance,clinc150,0,38,63,63,0.7419,0.4202,8a3e0d7383e624771397f62fcf06c4ccdf1931405193ff78322364a3b2e09ca5
clinc:128,clinc,change from whisper mode,whisper mode,clinc150,1,24,63,63,0.5933,0.4381,b5b0c5c6c941eea7d5bbffc0df02cb63985203c73461c050c32d16aea43f60c9
clinc:129,clinc,what is the minimum i can pay on my cell phone bill,min payment,clinc150,0,51,63,63,0.7356,0.4567,39252b15896bdf520c792c477b1c65926ef4240f4c64b329adedbfbcd14d1c2f
clinc:130,clinc,the time is what,time,clinc150,1,16,63,63,0.6442,0.4801,116dfcccc98ce82a64e566494e3f64434b2278b3874ae4d00583effa2695c7c0
clinc:131,clinc,so how many days did i take off sir,pto used,clinc150,0,35,63,63,0.8051,0.4528,e61a33ef702cd6e86b27524e6fab7351079dd0e2756083357eddbf71c50cc796
clinc:132,clinc,what do i do if i suspect my car battery is dead,jump start,clinc150,0,48,63,63,0.5942,0.4499,9cae1849c378f6f9c60d17d2d420d06257ca59871fffc39b131e7bd912d4e488
clinc:133,clinc,"could you call me a different name, please",change user name,clinc150,0,42,63,63,0.6845,0.4178,d3bb12c9db299b50cb078fddd665ae68ea36614a5958858257d950681b2f2e21
clinc:134,clinc,give me today's date,date,clinc150,1,20,63,63,0.6992,0.4933,4cbd329caa7a230f7605758354d28f38964accfa2d4dcac6465143abb8a126aa
clinc:135,clinc,tell me how to apply for a new credit card,new card,clinc150,0,42,63,63,0.7244,0.4244,206413ec1cd3f1bc6800e32bda86a4596eec63dacc0c884b1031953e5f584ac0
clinc:136,clinc,i dont want to listen to this song,next song,clinc150,0,34,63,63,0.6952,0.4383,600a7f9734298d155970568f925c6822b7c991f49e909221304ae0fa5a81d09b
clinc:137,clinc,could you share my credit score,credit score,clinc150,1,31,63,63,0.6301,0.4513,754660a6818982b1501d70a2c7efb4d5c1d3ba3700f15826d8287c983ba7fa22
clinc:138,clinc,i placed an order and i need it tracked,order status,clinc150,0,39,63,63,0.7647,0.4402,b2b044ba3a195e7db057f87d3ec07a6a8b42edb53fe5a1faa7b6a58306b68361
clinc:139,clinc,next track,next song,clinc150,0,10,63,63,0.6832,0.4383,c081cfe2152f2579e3456ac0598f8c97e451b6a6dabeb23a2c21983b0bc8a10d
clinc:140,clinc,give me a recipe for tacos,ingredients list,clinc150,0,26,63,63,0.7322,0.4524,4f8a2ff543ac73035fb0f358c1ad77b577e3b0b24e0725a21a28c4a9d8666479
clinc:141,clinc,can you find my phone,find phone,clinc150,0,21,63,63,0.6429,0.4305,d8c1da224319b2f58d3444505d6d5ab12c75cda8072a711addb224b0359f5c77
clinc:142,clinc,can i increase the credit limit on my discover card,credit limit change,clinc150,0,51,63,63,0.664,0.389,064b4b9ab8880a0a151e2d26595836e2e706f62d3f268c7730058b34af818d32
clinc:143,clinc,do i have any appoints set for my calendar april 3rd,calendar,clinc150,1,52,63,63,0.7472,0.468,f33a6ccf605655dce6594b4c426fc42cfa21ba744c8db2820e551fb78ef3eb7e
clinc:144,clinc,"in tampa, i'd like to rent a sedan from 4/1 until 4/5",car rental,clinc150,0,53,63,63,0.6761,0.463,e2d95729937590af8c2b56c607853052b75761e7c094d448f7bad8863720706f
clinc:145,clinc,i need an uber for 5 people to go to the statue of liberty,uber,clinc150,1,58,63,63,0.6812,0.4805,8868eea96a5aee9c797b11c37207cd462d0569dbdaf4439a00a5b7333401c4fb
clinc:146,clinc,"could you suggest a french restaurant, please",restaurant suggestion,clinc150,0,45,63,63,0.6863,0.4032,fc6b2075237a45825d31c7a0b414a84665d53d27ccef9e92b3fb9d68c69e730a
clinc:147,clinc,did you put carrots on the shopping list,shopping list,clinc150,1,40,63,63,0.7162,0.4615,b6b82e7fec58ad85c2f82cfd4eb5befe424808a315ad1d62a7263aaf61294fb7
clinc:148,clinc,can you please convert $30 usd to canadian dollars,exchange rate,clinc150,0,50,63,63,0.7302,0.4445,d7e9201e22a54b82a481a7d346b3ee11ceae062e8f4bc1fde6bb949a6dae0575
clinc:149,clinc,do you currently have any pets,do you have pets,clinc150,0,30,63,63,0.535,0.4002,bbb2b9c872086b9e5cb17ab66b5a319fb9455566a1fcb23c33e31e0032ab952f
clinc:150,clinc,i need to know how to schedule a meeting,meeting schedule,clinc150,0,40,63,63,0.6895,0.4232,c6922083e776bb16c11fdb72bbd3b7fd044e78f6bbc34c07970015bd15f657d9
clinc:151,clinc,i would like to report my american express card stolen,report lost card,clinc150,0,54,63,63,0.7283,0.4207,108f4776519d100822fc17c0c0c5297fbc84fd0820dceb88500b3646d46a5598
clinc:152,clinc,roll a six sided die for me and tell me the result,roll dice,clinc150,0,50,63,63,0.677,0.4493,11de555aadad84582418ad2938c8046b4a93ddb9ea09cbac8efb887ee10ee58d
clinc:153,clinc,what do i call you,what is your name,clinc150,0,18,63,63,0.6648,0.4556,10155d407d7a849391f72dc4c9251dc5bd7eb21c28b6282bb3d41e14e2657e20
clinc:154,clinc,what do i have planned for 3/5,calendar,clinc150,0,30,63,63,0.805,0.468,fdb77c0b895da3c273676125a8d81944360152d56254c200dbec5fe072a854a1
clinc:155,clinc,find me a flight from seattle to detroit for less than 200 dollars,book flight,clinc150,0,66,63,63,0.7085,0.4313,9ef96a9c93c8ac34032b90650fb2159667add467fe9f434577c4ee630722c59e
clinc:156,clinc,what kinds of pets do you own,do you have pets,clinc150,0,29,63,63,0.5876,0.4002,05e45a67cb4ec598cb20dcf608790f0e03d34f28ad218ad325c701a571e79972
clinc:157,clinc,speak to me in dutch,change language,clinc150,0,20,63,63,0.6803,0.3948,941f5b89b136ad32354e6e63d7505318dcba7a99fa178208d265d04d57eb0ed8
clinc:158,clinc,bake time for brownies,cook time,clinc150,0,22,63,63,0.6973,0.412,65dcc52a29ea78b48cecfd5aca8554e2052f7832c7bf5f736165a15d56253bd3
clinc:159,clinc,when will i received a replacement card,replacement card duration,clinc150,0,39,63,63,0.6765,0.4161,d46a46886dfe688434b445a7235c8bb9b7979fa2a0718e084b33d2adaa85847b
clinc:160,clinc,could you track an order for me,order status,clinc150,0,31,63,63,0.7647,0.4402,c0d881cf57c852b2c670ad2632c2ce9e3161c67169fa1ef74fbde06e1c195029
clinc:161,clinc,bank options direct deposit,direct deposit,clinc150,1,27,63,63,0.7167,0.4332,585f23dfdcffa71e34c4944286c62d9bb8db361f9ce127834a4461de9e2060c7
clinc:162,clinc,activate direct deposit to chase account,direct deposit,clinc150,1,40,63,63,0.7167,0.4332,27813f55bdb85cffe961f0fdc8d45ab292a99ee9e7785b7e53dbad0ab26611f1
clinc:163,clinc,"tell me the time in san francisco, please",time,clinc150,1,41,63,63,0.7825,0.4801,151e8393e794ba1741706bb06327380d05e0e690c09d9d139329f7ab4a12e2e4
clinc:164,clinc,tell me what's on my todo list,todo list,clinc150,1,30,63,63,0.732,0.465,5bb49070144b1eb02e199ed9274b61b4b53bcf597ad13598e0208fcec930e355
clinc:165,clinc,can you explain to me how i might boost my credit score,improve credit score,clinc150,0,55,63,63,0.5618,0.4121,7f8809fc76eb9c97f96fb0f82c942857d141b7bef318b9cf1f6d5cb37ea9b2e5
clinc:166,clinc,"i think i owe about 100 left on my bills, am i forgetting anything",bill balance,clinc150,0,66,63,63,0.7395,0.4489,804e3a4f51bfd5afe241329078bb713cba424d81c9b2c4c5da76182f6e1c8251
clinc:167,clinc,what's the status of my jetblue flight,flight status,clinc150,0,38,63,63,0.6443,0.4262,fe687105154e83508db62a4b30eb0c182adcefc7e96bf06da63288f85beee4d3
clinc:168,clinc,what does ferrari mean,definition,clinc150,0,22,63,63,0.7176,0.4477,36b4e6cf434d3b77accba85a64d6db9ffcb1d2e277639f7689add7c0456e6cee
clinc:169,clinc,can i get to cuba with this visa,international visa,clinc150,0,32,63,63,0.7168,0.4372,ce76e945299aeb390efdf33b02e7307839e32c4d12c44dd4cd26886032d1db55
clinc:170,clinc,if you have hobbies tell me some of them,what are your hobbies,clinc150,0,40,63,63,0.6151,0.4297,b46af8b392bfbdcff351f8609bbcd2d0146b8d9583f340993ed87568021df64c
clinc:171,clinc,use the female voice,change accent,clinc150,0,20,63,63,0.7895,0.404,cd29cef4944bb8651c6cc55377dae89ad1efd9e1d1e593d42e5c5f4232f38a88
clinc:172,clinc,what is the day off request status if you could tell me,pto request status,clinc150,0,55,63,63,0.7731,0.4092,c2aac7e1c6b09a12a488b741b9db5428acd4e71b12280262ab590ca1d34993ac
clinc:173,clinc,how full or empty is my tank of gas,gas,clinc150,1,35,63,63,0.6735,0.4832,8a4b81fe549aebd1114aa38c4742fd250caf84634b2fb62e3aa2aa3a2f77fa97
clinc:174,clinc,give me the results of a coin flip,flip coin,clinc150,0,34,63,63,0.5938,0.4323,e8da4d289916b27403ed2f7efbf332c25a9390bb451428161d14a237e95ae5d3
clinc:175,clinc,"""which could be improve the credit score",improve credit score,clinc150,0,40,63,63,0.5618,0.4115,eb72977c30b90ac4423552814ef2b3b782f4a2e6b7d6574accf6d45d5bf0a610
clinc:176,clinc,can you set the alarm for noon,alarm,clinc150,1,30,63,63,0.6637,0.5044,e8e5822cba182614f50eb605d1e338c23618a186130794c7245e142fe2d404c3
clinc:177,clinc,please can we go to the next song,next song,clinc150,1,33,63,63,0.6656,0.4383,8c9657c5f6e942278086309876f96d063f02a8987447a7496d76b8d19d4a0fdc
clinc:178,clinc,how do i change my oil,oil change how,clinc150,0,22,63,63,0.6014,0.4178,8d2b73d6cd271a82720fbe1bc190625f6957d57596e33e6f92d6f7c573955321
clinc:179,clinc,i need you to talk to me about your hobbies,what are your hobbies,clinc150,0,43,63,63,0.6349,0.4336,95682ce8074eb938c358ba7cfb502f3d1a2490483577cd389db0ced0a204acc0
clinc:180,clinc,can applebees take reservations,accept reservations,clinc150,0,31,63,63,0.6358,0.4586,0b77ec874e4057b76b4e1baaed836f7aefdc7a3344c583a40f85b71c5417220d
clinc:181,clinc,what would you suggest for japanese,meal suggestion,clinc150,0,35,63,63,0.6596,0.4368,b657a77d8d3495aabc875f4311226bd8f9fb8c89a546d2601c67591d226002d8
clinc:182,clinc,remove milk and add eggs to my shopping list,shopping list update,clinc150,0,44,63,63,0.744,0.4112,8c0c4e9a16e3969c7079a77df0b3e7a765a30f3edb2da304bfaaa2a10507788f
clinc:183,clinc,my credit rating is what,credit score,clinc150,0,24,63,63,0.5964,0.4513,63be0c558b9677e0dc7e6e9a85218e5043e8cfc420e8030778cdab1fa568b13c
clinc:184,clinc,tell my location to david,share location,clinc150,0,25,63,63,0.6975,0.4068,4fa102e09c5ebbc506421cb0c72ce622d37db40af0032473658579f03abfa7cc
clinc:185,clinc,what is the number of pto days i have left,pto balance,clinc150,0,42,63,63,0.7066,0.4182,7c70fc7d16f3bc7f5aab923f05044bac91261f278300dfc724904b079723e1ad
clinc:186,clinc,what's the time to destination going via bus to omaha,distance,clinc150,0,53,63,63,0.6623,0.4799,44ce2de6f28ff83e94b6f60d426aac4a22e79170a4133d532dfbc3471ee6bfc1
clinc:187,clinc,i want an alarm for 6 am,alarm,clinc150,1,24,63,63,0.6637,0.5044,701a2a58d7a01dd1cb9f98fd44f451ca63b6053726df1ad30a5eeabf4754a115
clinc:188,clinc,would you move 100 dollars from the checking and put it into savings,transfer,clinc150,0,68,63,63,0.689,0.4642,ebfd2e06630451d38528ce870954c6f7d8b55ac60800ccd7cbc89dc96d4fe695
clinc:189,clinc,can you identify this song playing through the speaker right now,what song,clinc150,0,64,63,63,0.6858,0.4395,344d7968455b32cc846dfb43828d40f2ea6733c65c5cca9559c6a882c230a08d
clinc:190,clinc,i'm out of milk so you will order me some more,order,clinc150,1,46,63,63,0.7117,0.5,fb44e970f4be981b88443f17c07033eb0eefc9185707423943aba5bf0c6fb7e2
clinc:191,clinc,confirm the john reservation at applebee's,confirm reservation,clinc150,0,42,63,63,0.6642,0.4292,2122fa707a9f7899ca6f2796d64a31433e675a42cd90cda2684fdcc211712961
clinc:192,clinc,remove the connection to my phone,sync device,clinc150,0,33,63,63,0.568,0.4046,cd22616956d7fdbcfafd8263111c4fcb36136eb541d2b948bb6938ab11fb6294
clinc:193,clinc,"no, that is wrong",no,clinc150,1,17,63,63,0.8135,0.4043,86649a42a1891fcb1cd4a77b7752f10e85cde806f22deea5f2b19d70eed30e13
clinc:194,clinc,repeat that,repeat,clinc150,1,11,63,63,0.649,0.4554,7cd366d677f0b16632df0ca993c30303986a316be40e820c4ea8a33d59e9f2ba
clinc:195,clinc,let me know some things to do in phoenix,travel suggestion,clinc150,0,40,63,63,0.6711,0.3922,e9651eeddf1c92d34e39b579b30b9296331ea58726a1cf7ea8062f3c2fae0d55
clinc:196,clinc,that isn't correct,no,clinc150,0,18,63,63,0.8135,0.4036,373c7fad18c74112b5b67dcab1950734880f033b566e8750c92e8dbc6c244513
clinc:197,clinc,how can i increase the credit limit on my discover card,credit limit change,clinc150,0,55,63,63,0.664,0.389,e0d8d460d4282752bf2bc837a95a3c7eee613e1d3b1bc4f0883b010dbd2691d2
clinc:198,clinc,how many dollars have i spent on coffee this month,spending history,clinc150,0,50,63,63,0.6401,0.4491,4b00a408a8455d7ce678d2fab963b96100cf95b2c7b792c1d0dadca579fdc0eb
clinc:199,clinc,tell me some trivia about sweat,fun fact,clinc150,0,31,63,63,0.5936,0.4043,beccda7534c03687648b9e95f202b6cbb36d57dd1ff27bc5bd3b84b18732ca5b
goemotions:0,goemotions,"Pretty sure you could do that with a cargo ship too, so I'm not sure I buy that argument.",confusion,go_emotions,0,89,63,63,0.6593,0.4826,ce6fea8a5dc5eab26a2748fb811248bd2371c340dcd6bc69f5cdbc3d797a90c3
goemotions:1,goemotions,we deserve to lose after that,disappointment,go_emotions,0,29,63,63,0.7799,0.491,94381cd8605f8be2b25cc830ce809d8c1b33dd8e43179795afc9f4778717b437
goemotions:2,goemotions,This is good. Thank you!,gratitude,go_emotions,0,24,63,63,0.6852,0.4822,9f704585b943690a71bfef28013bd48dcd791eee490c7ed35973a35d8a702fc4
goemotions:3,goemotions,Jealousy is unbecoming,annoyance,go_emotions,0,22,63,63,0.6951,0.4858,e4d7d0a6dcc7273957994309167d22a139b88c4b840d84c8914644f7dfdd16ec
goemotions:4,goemotions,Trusting readers is something we cannot afford in this day and age.,disapproval,go_emotions,0,67,63,63,0.8258,0.4713,0b5f5e063656b0fc9385a4e6feb2ce9e65b9f6fbdeb8479381b6fb40c6607cf9
goemotions:5,goemotions,The jockeys one is amazing I don't know what you're talking about.,confusion,go_emotions,0,66,63,63,0.6593,0.4726,93e69cecbf1921555f45d85428abe8f782ec3f021c47e736d820db3a103f7beb
goemotions:6,goemotions,Despite the fact that they've been writing it for millennia.,neutral,go_emotions,0,60,63,63,0.6068,0.4605,447ac68f025bca5fdb3a516b1c15661f5ef820a45b733124702a94ae079f35cc
goemotions:7,goemotions,"You know it doesn't use the word ""boycott"" at all, right?",neutral,go_emotions,0,57,63,63,0.6068,0.4605,1e175fcb31ab79235cc88e3b8405981cd907034aaca33d256ac669382ac07d5f
goemotions:8,goemotions,What a perfect timing though.,admiration,go_emotions,0,29,63,63,0.781,0.4919,1218d444116db30bfbc574ad2d1ca2199121a9779c47fee3cc113c7d263bc456
goemotions:9,goemotions,Maybe they are jealous that you found happiness.,neutral,go_emotions,0,48,63,63,0.6068,0.4605,1547409813dbe85c0be6b0ee99d641be10923974ddb3993c94d084d6f0d50cf2
goemotions:10,goemotions,"Excellent, I was wondering about [NAME] the moron recently.",admiration,go_emotions,0,59,63,63,0.781,0.4919,93b6443d79793f282736ebe49c4543be5c5554036d51c392cc6daa6b31a2c966
goemotions:11,goemotions,The furthest thing from my mind and likely everyone else since you’re the first to mention it.,neutral,go_emotions,0,94,63,63,0.6068,0.4605,836b07b4adedb70c581990276d5df18ac42ed6c2496069a316ac5958bb51bac5
goemotions:12,goemotions,A bash that doesn’t guaranty anything? Isn’t that a bad thing I mean it’s one of the complaints of heard about lawbringers shove,curiosity,go_emotions,0,128,63,63,0.7385,0.4804,04d4fc4b4a7a0b529700800cec9f150a93670ac8682f7798f991e0d3ad852731
goemotions:13,goemotions,"yeah, those seem like they'll flop around quite safely... ",approval,go_emotions,0,58,63,63,0.6977,0.494,c0227b1eee518c75ac052557fac68eae887ca053624dfe33228936fb0dfe0340
goemotions:14,goemotions,"Oh yeah, from the vulcan council",approval,go_emotions,0,32,63,63,0.6977,0.5021,8489698c1ba14235f9e90192c3a8e35ccb7928b0b3547ea4ade0a64bf2e98c40
goemotions:15,goemotions,"I sure hope so! Otherwise, I've been in the wrong sub.",optimism,go_emotions,0,54,63,63,0.777,0.4944,b459561c691bc3306fd04a7baad742a24304acee4a262675370ed015b5ed6d52
goemotions:16,goemotions,This is like the timeline from hell.,annoyance,go_emotions,0,36,63,63,0.7065,0.4843,ec819f711e4287495dbdc0ad33280a4639b31935528dcad5af48c88ef67cfac6
goemotions:17,goemotions,Did you kill the shark to get the shark teeth for your necklace yourself or was it premade? Thanks [NAME]!,gratitude,go_emotions,0,106,63,63,0.781,0.4818,130904794a9c2772677bca7373b8b02a1a60ec2d82c7d8deefe05203ef9369ae
goemotions:18,goemotions,My friends that were badly injured from the first fight. Read my backstory comment.,sadness,go_emotions,0,83,63,63,0.7799,0.4792,3f4b14afd2c19f22be07a59c1497e626500d54484daeb8ce5e667f7c7b5b182c
goemotions:19,goemotions,iS thIs a MeTapHor FoR LifE?,curiosity,go_emotions,0,28,63,63,0.7385,0.4809,c35dd23c64c36f692a56afe31fc4395cfa3a9fbfa8301654607124018fa136db
goemotions:20,goemotions,I am shocked they don’t have a vanity plate that reads “Beer Cheez”,surprise,go_emotions,0,67,63,63,0.731,0.4904,4d52edefc3b8971f2bab6769fb3a5250e351855fd76e72896ee2e6c562bf5fa3
goemotions:21,goemotions,are you a genji main cause i feel the same way,neutral,go_emotions,0,46,63,63,0.6068,0.4605,fd383ef1a7e6a3ddf598d899dbf1a05c97827a0d9ff46f4f12d32f85d91ef4d0
goemotions:22,goemotions,[NAME]: [NAME] is your nephew [NAME]: is this about your dad and bro?,neutral,go_emotions,0,69,63,63,0.6068,0.4605,be20a454089ec1994ddafd7fd72a6f736b501e4ee1a7dee0d9edc07e81bedb93
goemotions:23,goemotions,Once some joked that I was a [NAME] just because my family had moved to West Germany for a couple years when I was a infant.,amusement,go_emotions,0,124,63,63,0.7804,0.5033,3b43cfd439193cc7a447433c7ed35f189ac5bf1f97167a97681223ab2f97a066
goemotions:24,goemotions,I just come right out and admit it. Saves on disappointment.,neutral,go_emotions,0,60,63,63,0.6068,0.4605,aa951a86159125b80647e47b33abdf199ec77b9d882665e0d8f2350668d7f6f8
goemotions:25,goemotions,"Dublin, Ireland",neutral,go_emotions,0,15,63,63,0.6068,0.4605,a48ec4c7d83327581104a7ba7373294ec6655672b7d7820461d94e8cce0163f0
goemotions:26,goemotions,"You shouldn't see a lot of lightspamming conquerors, because lightspamming as a conqueror is just begging for a parry.",neutral,go_emotions,0,118,63,63,0.6068,0.4605,d0b30683639825001ef3fa7d061da184e8c9698fb32567cc846dabda74e50565
goemotions:27,goemotions,I will absolutely tell him this. Thank you. Congrats for making it out of the fog yourself.,gratitude,go_emotions,0,91,63,63,0.781,0.484,f2db47f9a405b5d3443a103481a226eeb91fb53612550472c6a20864d1e02d7d
goemotions:28,goemotions,"Aww, thank you [NAME] for capturing me!!",gratitude,go_emotions,0,40,63,63,0.6852,0.484,1b8301fe9e97f721a52be5ec500db8196242b48edc8963480c6a526bd40e7001
goemotions:29,goemotions,He also stepped in when seabs got suspended in the 2014 playoffs,neutral,go_emotions,0,64,63,63,0.6068,0.4605,1ae4267bef5b0b3367df6a7b3a977ef7669fddfcb2735cf5cd500e1966be8ab9
goemotions:30,goemotions,GAA' isn't a sport...,disapproval,go_emotions,0,21,63,63,0.8258,0.4713,d3592aaf15d4111a92410df11d5a9c42604376d3fe9d0bb3737ce930f49dc4f3
goemotions:31,goemotions,"It's 2019 and people are *still* saying ""SJW's?"" Ha! Hahahahaha! Oh my life. [NAME].",amusement,go_emotions,0,84,63,63,0.7804,0.5033,dc2b82a37a2d603eafc4f651fb3e861c3ad4b13f97507554ab1346bc822fc4a0
goemotions:32,goemotions,"What part of ""Yeah but still"" do you not understand dude?",confusion,go_emotions,0,57,63,63,0.6527,0.468,6819e3c1aa9ce2511035744144285eedb286df014a05d0e06a71a83686934b42
goemotions:33,goemotions,It was a tweet a while back.,neutral,go_emotions,0,28,63,63,0.6068,0.4605,3ca967686480b6c289bf153142b8240b3594bbac6ee308b5d4e21c576b14749f
goemotions:34,goemotions,Is the misspelling on the cake the only thing you see wrong with this post?,curiosity,go_emotions,0,75,63,63,0.7385,0.4809,73b3c6f452e4889540631147f5960352c7bfbaf76ad719e767597b7748736618
goemotions:35,goemotions,[NAME] is known to make a short video hella fucking long. Not many want to see even more people do that. I'll stick to [NAME].,annoyance,go_emotions,0,126,63,63,0.7065,0.4858,01f32237888d628466a161575276de1eec1e746dbab931414cb023b291e49bce
goemotions:36,goemotions,Pretty sure the legislature needs to change laws,neutral,go_emotions,0,48,63,63,0.6068,0.4605,f3daa111a5da24939f188cc96d92573b9b6357a342a21542d137e5f20c67dadc
goemotions:37,goemotions,Most non immigrants won't do farm work for peanuts either,neutral,go_emotions,0,57,63,63,0.6068,0.4605,d55dda6ca0b81ff2faf5a234427e73bab58419a2f82dc76b6f13a352cfaf2a31
goemotions:38,goemotions,a weird way to spell Boys Don’t Turbo Grafx 16,disgust,go_emotions,0,46,63,63,0.8258,0.4693,1597775a1e0344bb46982d1d2835680d9d3c03b73903ed177a97b0d88eecc62a
goemotions:39,goemotions,"On the surface, yes. Deep down, probably not. ",neutral,go_emotions,0,46,63,63,0.6068,0.4605,cd954db49e3dce4809562dd499795b8e9120c2397c2a91823f75d40c54d6c833
goemotions:40,goemotions,"Yes, I'm just banking on the fact that there will be a bigger idiot than me out there. :-)",neutral,go_emotions,0,90,63,63,0.6068,0.4605,8921fe46305985a09159f1cd7f443dc172d1c0f4e9d6eaa6c37e030f2f51524d
goemotions:41,goemotions,Hell yeah. Happy they pulled it off together for their city. This is a great story in [NAME] eventual great career,admiration,go_emotions,0,114,63,63,0.722,0.4919,09f8a8fbbf9fc87b54e349926def8165d354ecc4ed130abe37b974d59bf664c1
goemotions:42,goemotions,Hang on to all sorts of things just in case. Eat inexpensive food.,caring,go_emotions,0,66,63,63,0.6876,0.4817,cb3de11324841ac097a9bf12de09969e9c5a31fa16d5c3a6c1a1246e28a619ec
goemotions:43,goemotions,I’m so sorry 🤪,sadness,go_emotions,0,14,63,63,0.7313,0.4792,a0e3f6b58bd0e1f6727a717d7d5345c8107b885f800d0e37ac26b8f49799a2a5
goemotions:44,goemotions,Doing my part,neutral,go_emotions,0,13,63,63,0.6068,0.4605,593fb6454a8b335d5b5f2b4d5e994eecd14bdcd7481fee294482c406ea6da3d0
goemotions:45,goemotions,"Yeah, I wouldn't be too surprised by that either. I'm so excited to see or hear SOMETHING though. ",excitement,go_emotions,0,98,63,63,0.788,0.5004,a740a5b84b3846715278132ea3c86ce5c30f8b376739e0b1736f1c297936ad7f
goemotions:46,goemotions,Someone hold me,neutral,go_emotions,0,15,63,63,0.6068,0.4605,a64d6d79d47e3b359f1d3a894c610176af5ad3805db4b87d97f31948e6f8911b
goemotions:47,goemotions,Ok google it then. 🤦🏼‍♀️,neutral,go_emotions,0,24,63,63,0.6068,0.4605,371c44283c7c530a2283257f760372b44880c2898f1e11dfa249a3244a168272
goemotions:48,goemotions,"Aaaand I'm still here. I don't have a alt account but whoever you reported I""m sure is alive and well. You're terrible.",fear,go_emotions,0,119,63,63,0.7326,0.4755,4c7f514487e06fc7220b93c19d6d0a507d8753694000f10beb4a4a0d9094567b
goemotions:49,goemotions,I only eat cronuts cuz I'm sophisticated!,pride,go_emotions,0,41,63,63,0.726,0.4841,224fc87af8b2f29a89eb41f2f407338c90c04abbc43bfd7c829441ad4e36f00b
goemotions:50,goemotions,>Pri*toiletries*,neutral,go_emotions,0,16,63,63,0.6068,0.4605,58b1e593cf1c01614dfb31662fc9d95923b89906b68a3d202dca73702feb29ad
goemotions:51,goemotions,What kind of behaviour is considered unattractive? I'm pretty clueless when it comes to dating.,confusion,go_emotions,0,95,63,63,0.6593,0.4826,12070b1db9666cfd82c186693cfc1cce24d61f1337a37e988e09a9d76b265858
goemotions:52,goemotions,Incoming 20m a year contract [NAME] !!!,neutral,go_emotions,0,39,63,63,0.6068,0.4605,84c9140d7e8c2dc117349c564dc320db845bfcfff749125ed04ee349a3f02e32
goemotions:53,goemotions,"I see notifications of people commenting the source but this sub must auto delete or something. Sorry, guys. I binged her and found me quick though. ",sadness,go_emotions,0,149,63,63,0.7799,0.4792,3e2c513b0acfa75216002d9bc28c50abb8a4a538713a1d10cffb2bb3a34d0a73
goemotions:54,goemotions,nothing special? I drop stuff like this mate,curiosity,go_emotions,0,44,63,63,0.7385,0.4809,f880f2603dafdb9e4f2581247f3d0677f953a23d4d34bb0de20d473fdb3083c6
goemotions:55,goemotions,"Ahh, so the exact same place he was last time. wonderful lol",amusement,go_emotions,0,60,63,63,0.7361,0.5033,2401e7feafc841728ce9be04b12b6cb097aabe0f8190375ca48134691c7ea516
goemotions:56,goemotions,We either bout to get a road win or have another historical collapse,neutral,go_emotions,0,68,63,63,0.6068,0.4605,7ee7f1c66aab67aa606624b6088172de32d0b545d7267da545817335a1b98d81
goemotions:57,goemotions,Dump her. Shes not committed to you,neutral,go_emotions,0,35,63,63,0.6068,0.4605,1162b59fd9d9d9c7878be2ccaf469a72c87dfa153011b16ce692645276e03f45
goemotions:58,goemotions,How hard is it to kill 9 year olds!? One of my favorite movies.,love,go_emotions,0,63,63,63,0.722,0.4899,06d5bc91f5c6b89bfd5693a3508996ed8b8823d5644eaa8b5ec1324256da905d
goemotions:59,goemotions,Idiots are downvoting your correct comment.,disappointment,go_emotions,0,43,63,63,0.731,0.4905,0a066451804e35c9cc275d065bd0aa175e1db8c9d6c6603026688f4c53ee0306
goemotions:60,goemotions,Seriously?,curiosity,go_emotions,0,10,63,63,0.7385,0.4804,335e842867d9618cd6eba384b21a9a8c9ffa93ac351f16fcf36672cb397bf23c
goemotions:61,goemotions,As someone from Louisiana I am always thankful for Mississippi and West Virginia for holding down the absolute bottom,gratitude,go_emotions,0,117,63,63,0.6852,0.484,291ef4fa39f64a07130ecb7b54f341449a93ee014e2546f1444cb03e90450de4
goemotions:62,goemotions,Because physical contact promotes bonding. Healthy relationships increase both partner's wellbeing. Routine can be frustrating. Especially when you want to try something new.,neutral,go_emotions,0,174,63,63,0.6068,0.4597,dab28ef04ccd795a5b70c0d65acc1e355e2554a8bfeebdde9846065c41db7000
goemotions:63,goemotions,"I woulda ""sneezed"" with my drink in my hand and launched it right behind me",neutral,go_emotions,0,75,63,63,0.6068,0.4605,cd8e35a996eb3114057f53db87253c6f05f5decc2e3a366e7a9cdbb399676aef
goemotions:64,goemotions,"If you sprinkle when you tinkle, be a sweetie and wipe the seatie. #peetoo",neutral,go_emotions,0,74,63,63,0.6068,0.4605,faf88f2920272714c5e57be5736319b810218127f02aaf038cc792eb1a33ef52
goemotions:65,goemotions,"I think years...I'm not ready and I know it, but I know years",disapproval,go_emotions,0,61,63,63,0.8258,0.4713,b0456ab4288d29306a0d4affb4b1b6ebb811b4dcf2f216805b3fb133e89275c0
goemotions:66,goemotions,Go on...,neutral,go_emotions,0,8,63,63,0.6068,0.4605,089e359f1cb52aee2c0907fbc2c454612588eeac439c11063d86ae585b60aeea
goemotions:67,goemotions,Rip the guy from psych,grief,go_emotions,0,22,63,63,0.686,0.4855,2e2d27b79bace92b976d5971ede5d3c2ab3b6523f8cd3acec3222a9ad3eecb5e
goemotions:68,goemotions,">Sorry, but any city that had any kind of ~~epidemic in its~~ history will have bunches of dead people buried under it.",remorse,go_emotions,0,119,63,63,0.7151,0.4751,5d02bab562d0cff518671e98c5803b3bb4791466dcaca0a530f8a705479df026
goemotions:69,goemotions,Follow rules 1 and 2 and you can have lame openers and you'll be fine.,caring,go_emotions,0,70,63,63,0.6876,0.4783,d3f9b93311ee8c51844be6ed8307ebec21c313d9b67c4fafe0e5dc2428eba754
goemotions:70,goemotions,"I didn't know this was a ""reveal"" he'd been talking about for awhile. ",neutral,go_emotions,0,70,63,63,0.6068,0.4605,eb521c35773d7a032e76d054f94ab3bb2582773791161e7d9ca1509e2b0b2f9c
goemotions:71,goemotions,... [NAME] derangement syndrome sufferer spotted. What drivel you crazy lunatics say... The lies and falsehoods along with the out of place fearmongering is getting really annoying...,annoyance,go_emotions,0,183,63,63,0.7065,0.4858,316ff2e215c9a02500033eafcf0eadc92930b17ca1f079457db92c64909f9fa2
goemotions:72,goemotions,I believe that you can search for providers here. Good luck and good on ya.,gratitude,go_emotions,0,75,63,63,0.6852,0.4822,fa9209a13ff9b10cd47ae5b3f36ad6e80834986f8b775b0293fb2f09a0c9db28
goemotions:73,goemotions,Our father will protect us <3,caring,go_emotions,0,29,63,63,0.6876,0.4793,00f19af488eff988e9ce9cb2ec444818154cab7934bc56cb2e09ddf4c3999a2c
goemotions:74,goemotions,Idaho lot rather we stop with these amas.,neutral,go_emotions,0,41,63,63,0.6068,0.4605,f1290c002b44e985b92bb6067356fb40ea541472d2882e15f635dc17d9f6b0b9
goemotions:75,goemotions,Ay i saw that live. You have amazing movement! GG bro!,admiration,go_emotions,0,54,63,63,0.722,0.4919,cedbc7eccef6baf07fb014851572ea1d7aa41147d6e97d61f16157b15cc2a107
goemotions:76,goemotions,Kids at heart.,neutral,go_emotions,0,14,63,63,0.6068,0.4605,ca346ba38b03943dddb35c1b820f28e656b4e555dcd01a034208138cb5796d02
goemotions:77,goemotions,"She's still looking for her [NAME], maybe? :)",neutral,go_emotions,0,45,63,63,0.6068,0.4605,c6ab56ae25b2f35c45b72bbe0a76d1ae592bfe548e4029e23de25deb88798891
goemotions:78,goemotions,Ooh you made them?! Awesome!! I hope you enjoyed them. 5 cheeses sounds like a great decision.,joy,go_emotions,1,94,63,63,0.735,0.4733,81b883d9335a99fd4ee7ce3ef8e6d3c08bc6ddf903bf5cdcd2270fffd9abc8a7
goemotions:79,goemotions,Shouldn't be getting downvoted that's exactly what I thought the motive was,neutral,go_emotions,0,75,63,63,0.6068,0.4605,af0f12daf2e8d5faa997a28552a92eac3830901fc0a0c86a6cf079e66b511041
goemotions:80,goemotions,You too huh?,curiosity,go_emotions,0,12,63,63,0.7385,0.4809,f128c65eb9c7e47ae0615a847636a40651aa03a3d496a5b92d3a2ab87b6ca59a
goemotions:81,goemotions,How autistic.,neutral,go_emotions,0,13,63,63,0.6068,0.4605,21bae7793c6aafab201651814ca34232926befba897d855563977d238c3dced3
goemotions:82,goemotions,You get her off 3 times and she doesn't finish you? That seems very selfish.,neutral,go_emotions,0,76,63,63,0.6068,0.4605,1d4ac3ee48af481ecae6eb7751d1af976a6d00c63baad86b8a52c50502566104
goemotions:83,goemotions,"He has 3 years as first team manager, he signed the contract in November, but it doesn't matter",neutral,go_emotions,0,95,63,63,0.6068,0.4605,54a00b444d0527dde444fc9f8f79b0149d15a6ec6f79e5227158217c63ef5270
goemotions:84,goemotions,It is genuinely hard to imagine what the Magic basketball experience will be like when these two legends are no longer in their roles.,sadness,go_emotions,0,134,63,63,0.7313,0.4792,f05fbeaa6d713abfe29fbcf9f990627accda014c76a3b8cd407a7b9a53ac945e
goemotions:85,goemotions,Saying that combo with a straight face after the fucking mess that went into the last UFC event should be hard.,neutral,go_emotions,0,111,63,63,0.6068,0.4605,95731549734d5d2f85a8a6055df9b84b7e2bda1fb9e44e7201c00aad2e7e87ee
goemotions:86,goemotions,ATTACH THE STONE OF TRIUMPH!!,neutral,go_emotions,0,29,63,63,0.6068,0.4605,dfb4af2612ce762a19cf20b4fff4319b19642f80c304a7fc01eaf901d9697c1f
goemotions:87,goemotions,Nahhh just as they came to me,neutral,go_emotions,0,29,63,63,0.6068,0.4605,d9deaf397752e91c02a94d380a1543e29f96fadd009b1fd88816ee23bfda0178
goemotions:88,goemotions,"Other form of distractions such as shopping, reading, media, being here and also being surrounded by people I find attractive :-/",neutral,go_emotions,0,129,63,63,0.6068,0.4605,97b06ab9d9b27985562521db8b724fb4c54dfd7ae4314e17075a8c41eb06e0ed
goemotions:89,goemotions,You know it’s bad when you grab the toothpaste and start reading it,annoyance,go_emotions,0,67,63,63,0.6951,0.4858,70364bced389ca7090522ce1fa4e80e17a7cf3ee9f6af587476ae80662783ac9
goemotions:90,goemotions,Normally drop n roll. In this case I would remove my clothes because I doubt rolling would help.,confusion,go_emotions,0,96,63,63,0.6593,0.4826,708ae3ffa34c5a75a2f3b5507376c89feeb2513cf1007193ed7e1127b94e8c3d
goemotions:91,goemotions,I hope you get the help you need. Truly.,optimism,go_emotions,0,40,63,63,0.777,0.494,5c3b524df0a205c96d16deda88f748e2d5871f822c5475dc3c0dd52c2f73114c
goemotions:92,goemotions,"> You don't own them so that they will give you eggs, you saved them and now coincidentally they give you eggs. This!",neutral,go_emotions,0,117,63,63,0.6068,0.4605,96fe55b891bb058c0372f446a715f0178b280970219e1a2a8b4da4c64b0c2850
goemotions:93,goemotions,"By all means, go for it. We'll all be much happier when you're not dragging us down anymore.",approval,go_emotions,0,92,63,63,0.6977,0.5021,b47414c22002f558dc8df7c799a4c0d5a9e76e031dd52f91af3af59eeb14dfa0
goemotions:94,goemotions,Dude the speed which the cop came running is amazing,admiration,go_emotions,0,52,63,63,0.781,0.4919,ccb6c6c05e97b03df50fa82bb24cecef7b1690ca246e7ac8fb2f3a51b20e996e
goemotions:95,goemotions,"I've have a serious fear of getting winded, this video made my balls fall off ",fear,go_emotions,1,78,63,63,0.7326,0.474,9ae65068728b1453c69fba2e60ae85a1b8ed9f5dde8eda7a9138b82cbe583d0d
goemotions:96,goemotions,"Thank You, that does seem to be the consensus. ",gratitude,go_emotions,0,47,63,63,0.781,0.4818,ad603f4025b6cf85f539af147a095ab57f2e2ca993f9d7d2511a9843985e0d39
goemotions:97,goemotions,"Every time I see someone walking around with their toddler now all I can think is *poor basrard, he has no idea what's coming*. ",neutral,go_emotions,0,128,63,63,0.6068,0.4605,1d20d9da09c1d78713145cf735787468cdb122168ef5197aed56b6939adc5dca
goemotions:98,goemotions,Someone tell me how to feel about this,confusion,go_emotions,0,38,63,63,0.6593,0.4726,23e62334477cece745fe9a498aa0e8462b9b371fade428b20bd094606619b5e9
goemotions:99,goemotions,"Such a good doggo, and no one gets to pet her and let her know.",admiration,go_emotions,0,63,63,63,0.722,0.4919,35cad2ee58395dc51442ea7317ed5a9208b907e72d621d718fd73ca026df388b
goemotions:100,goemotions,"Yes, your trolling is very good. You’re so brave for giving us the opportunity to downvote your sock account to hell.",neutral,go_emotions,0,117,63,63,0.6068,0.4605,d206863a66ef3bf08c98f22b39c242ff1cfb3034fd5c709aa0ca882f0d14ebf4
goemotions:101,goemotions,Stay at home dads are awesome gender non conformists.,neutral,go_emotions,0,53,63,63,0.6068,0.4605,3e427f1650dd7a07dafef078f93c91f2edac248c6854a415a4aacea1d4a52e61
goemotions:102,goemotions,Wow. Thanks for this.,gratitude,go_emotions,0,21,63,63,0.781,0.4832,7582446230ea01bfaa574960e38751d553ea8a9f2af480b07dac790d08b0baae
goemotions:103,goemotions,"My house. Excluding that since it was bank money, we plan to pay cash for a kitchen renovation this year that will be about 7k",neutral,go_emotions,0,126,63,63,0.6068,0.4605,d4e6649dd83c4914ff301a8d6aac0d5612b9e8fd72c59371eedbf48488d57d49
goemotions:104,goemotions,I have tried to stay away from using the word “[RELIGION]” as much as possible to stay agreeable with the current styling guide of the church.,neutral,go_emotions,0,142,63,63,0.6068,0.4605,8bce2247bdf8d7aecc8493c9491dd2702a59bc9d07670ef126abbc62f9067d1d
goemotions:105,goemotions,Plot twist: they don‘t Want to Go To school,disapproval,go_emotions,0,43,63,63,0.7746,0.4713,330792e78964247cf52da8904ed4f91afab87914df9219472ea6899975d95db0
goemotions:106,goemotions,Also Strike Anywhere. This thread makes my heart happy. <3,joy,go_emotions,0,58,63,63,0.7331,0.4733,8cf35ca70c81043822ea46a726c9c0327578709099998c74bc8515cde5ce067a
goemotions:107,goemotions,I love this. you get a favorite.,love,go_emotions,1,32,63,63,0.722,0.4899,3aea94a2cd98b575b1c0ede07aa9f0fadf53812c1d1eb29ff1d9207ab2a28939
goemotions:108,goemotions,I don't understand how her hair is 'too light' or how that effects the concealer.,confusion,go_emotions,0,81,63,63,0.6593,0.4826,c3692c9df7fe6332a872be387d7dc4e300343109b704cef58155382349d0ceba
goemotions:109,goemotions,"Probably [NAME] tbh. I feel like what [NAME] did in the long run was a bit scummier, not by much tho.",neutral,go_emotions,0,101,63,63,0.6068,0.4605,092a9740a6507256f289a5bce77a7adcf734cfcd69232bb5985c2d87f6469b1e
goemotions:110,goemotions,Way too much fuuuck,anger,go_emotions,0,19,63,63,0.7973,0.4866,c7083f070f7090fa28c52595659cdacab5fc35091359b5ecf860f75350844e27
goemotions:111,goemotions,Wow you think 15 downvotes in Reddit from the YIMBY cult has any meaning? I didn't say anything pertaining to economics.,curiosity,go_emotions,0,120,63,63,0.7385,0.4809,006a657cceffaeb547511995ef7e26d2c672a1c23819c8c27a4f900d8c1a27d0
goemotions:112,goemotions,Its more about Russia not making such overtly antagonistic statements about Iran.,neutral,go_emotions,0,81,63,63,0.6068,0.4605,14f5128c494a71d54578706d9012680e3bfd02500a09727ce947448495770671
goemotions:113,goemotions,"Wow, I remember having this kind of meal a lot as a kid. ",realization,go_emotions,0,57,63,63,0.6847,0.4781,4132425cbd96ac80cddec7e50ff3f3d88288da03853f64806c31b965ee9a6c6b
goemotions:114,goemotions,When I die Im gonna ask satan for a job in hell whipping all these cunts,desire,go_emotions,0,72,63,63,0.7385,0.4832,dab9ffd6e8b0e8baaa2a028d4c4aeb96670004f35a450d8ba3b0b0a185f1cfa2
goemotions:115,goemotions,"Exactly, but I guess I've gotten used to people forgetting the club exists haha",amusement,go_emotions,0,79,63,63,0.7804,0.5029,f2b0af075e7bf8d6f6fcd4f9c4c25df511f3eb9b852ce2dc117098c85b0b1ff6
goemotions:116,goemotions,[NAME] doesn’t roll his ankle on a 🎾 in 2011 and we win a premiership imo,neutral,go_emotions,0,73,63,63,0.6068,0.4605,9f99b400294a98d64519b7fade51837f44d8d4baf62632987f71dbf5d22e962a
goemotions:117,goemotions,"That's weird to hear since in Hebrew ""Son of man""- Ben Adam, simply refers to humans in general.",disgust,go_emotions,0,96,63,63,0.8258,0.4693,d838d7ddbdad4f16da1334b8eb432e5961107ff8aab9c20d1204cd2e611451e6
goemotions:118,goemotions,I'm not apologizing for it. I just didn't think there was something this blatantly immoral in the new testament.,annoyance,go_emotions,0,112,63,63,0.7065,0.4858,34954c16a89c97d64c9ecb7994bc97bc99354647629e1eba17880ed02eba7931
goemotions:119,goemotions,I just love that this is appropriate for football now/again. #FuckLA,love,go_emotions,1,68,63,63,0.722,0.4899,9e898463563b6727dda6ca3814d8316a6aca152bf15014c858dc0991203e8e14
goemotions:120,goemotions,"you wear a headband, what are you a girl? /s",neutral,go_emotions,0,44,63,63,0.575,0.4605,7385b824dacf2105b241830ad89f1821d806f08f47d4fa3754b6505272c96d19
goemotions:121,goemotions,"good luck, little 3 year old",caring,go_emotions,0,28,63,63,0.6876,0.4817,8d21a5cfb601c44d0a38013d53ed8cfe8f5f33e24f10cad17e5b35c6a393ed84
goemotions:122,goemotions,Upvoted for visibility. Disapprove of the poll results.,disapproval,go_emotions,0,55,63,63,0.672,0.4713,2cb6fa87af7ecf41a761bebd2f132d779959ca3db911c34c1cc578d9ce9d78f9
goemotions:123,goemotions,I'm happy I live in a country where machete attacks don't have to be a real concern.,joy,go_emotions,0,84,63,63,0.788,0.4733,4fb5a892ad57014db56698aacd8633ae7cbb6cfcb260a9fbb1e59c71634d51dd
goemotions:124,goemotions,FWIW this was also posted yesterday,realization,go_emotions,0,35,63,63,0.6847,0.4785,455e4ed61ed6614cf4fcfc5bb6ef62771469407c7b5b214831d74c7cebd805cc
goemotions:125,goemotions,I am unconcerned.,sadness,go_emotions,0,17,63,63,0.7313,0.4792,38706fe6c0986cf2fa8109c659b087b0c3ced31c6d97011053adc9e4e09a8e33
goemotions:126,goemotions,The thing to understand about [NAME] is that he's a complete moron.,annoyance,go_emotions,0,67,63,63,0.7065,0.4858,b6c33d6fb44697f78e7da378053980b2ac7284d3a211882ec31b14f61052ac91
goemotions:127,goemotions,Fuck a newspaper,anger,go_emotions,0,16,63,63,0.7973,0.4866,3b96ea7542cd1818b00b6d0d3088f978ea25463093c2c8e4b238c0baadb43acd
goemotions:128,goemotions,He was so close to me x,neutral,go_emotions,0,23,63,63,0.6068,0.4605,425c3387ae9bc2c0e131066c069e4fb403526688d75d431f56a38321db384604
goemotions:129,goemotions,Disgusting of you [NAME] you filthy who're you pedophilic scum trying to beguile our children it's not gonna work I got [NAME] castorated,disgust,go_emotions,1,137,63,63,0.7788,0.4693,5283675c47405ccc6a81efdcc05b3b4e9f343abf01dec32081e6dfcf4aef501e
goemotions:130,goemotions,"bcash is not bitcoin. its a fork if bitcoin, and you brought up [NAME] yourself which is pretty odd considering you think of him as a distraction.",neutral,go_emotions,0,146,63,63,0.6068,0.4605,18767c97ae8f36848d39087cc321cddfe499efa7f53904e6188ffaeeb4c4f229
goemotions:131,goemotions,The cognitive dissonance is strong with you.,neutral,go_emotions,0,44,63,63,0.6068,0.4605,72d4a7950ef74d8acbf1a67405476bd7c9c1c515cd4f6afb2b2e4f2199117f96
goemotions:132,goemotions,"Welp , that statement is not very wrong.",disapproval,go_emotions,0,40,63,63,0.8258,0.465,c741f9db446cfbe7f504776ae0911e42095f8a497e463e51126cb86e94eeb9a6
goemotions:133,goemotions,My poor space bar takes an awful bashing with all the pausing in a Squidge vid,disgust,go_emotions,0,78,63,63,0.8258,0.4693,e157d92a12fdbf6d2f024304ab6e07b723c653a48cc528dd826869f715efa820
goemotions:134,goemotions,Should I watch this? Will it aggravate me?,curiosity,go_emotions,0,42,63,63,0.7385,0.4809,88321f2b9323e3d5fb95673104c1bd0be6cf04c1b04a928f5a1709b899a06347
goemotions:135,goemotions,"Mexico didn't start the war. Thats probably where you are confused. The US invaded Mexico in both occasions, Mexico only defended itself in both occasions.",neutral,go_emotions,0,155,63,63,0.6068,0.4605,12d1493b8fe372b93a241a8e49e5a54b8b76f0dd54defc33863f2cd66f9b2a92
goemotions:136,goemotions,Why is anyone surprised. It has never worked.,confusion,go_emotions,0,45,63,63,0.6593,0.4826,b5b474f0e1a1db8cd05fd2b49631bc09eac2772c3861e1f49f02977a93aaa657
goemotions:137,goemotions,[NAME] what a dork you are to think the above comment means I am daft to the behavior endured by women for way too long.,neutral,go_emotions,0,120,63,63,0.6068,0.4605,8ce34c7827853d6e557b072f18a02f5531067f2078a707952eca63c2467e7c2e
goemotions:138,goemotions,[NAME] FIRED.,anger,go_emotions,0,13,63,63,0.7973,0.4868,e0fbd78b961563a588aea85fb90ad76bd52a1b1490cabce1840d8ff2e267bbfc
goemotions:139,goemotions,oh the irony,amusement,go_emotions,0,12,63,63,0.7804,0.5048,6a2cb1a5d3250761c34814af724b1e40171f3ca7e641d70267cada7a722be4a7
goemotions:140,goemotions,WHAT!?,neutral,go_emotions,0,6,63,63,0.6068,0.4605,bce986a8f9ef853b3825fc7adc5420e3d7fec5db971579777ddbb3618534c2ca
goemotions:141,goemotions,"Lol I always go with public speaking (""but I'm trying to be better at it!!""). ",amusement,go_emotions,0,78,63,63,0.7804,0.5029,9b40730163fc3e1bc11630fa1639df7d14c9f840673a36156af522fc9294b151
goemotions:142,goemotions,"Irrelevant, actually You're both talking about different things",disapproval,go_emotions,0,63,63,63,0.8258,0.4679,9de23974e54a139968e007c9de6241eb50bbf1f1b95d0d97806d97793ddf1651
goemotions:143,goemotions,Can we forget that this moment happened,embarrassment,go_emotions,0,39,63,63,0.708,0.4824,6124f021c47ae36f0b84adff464921e860ceed849f927039b3235a9f2006472a
goemotions:144,goemotions,"[NAME] sub, dolphins sub, and [NAME] subs are having a field day right now lol same old jets",neutral,go_emotions,0,92,63,63,0.6068,0.4605,c62d610fdf41c78ad84364b544517298e83d7ec60d02c963da766c6e4da99359
goemotions:145,goemotions,"Wait, you don't believe he's infallible? Give an important instance where he has been wrong to prove that please.",neutral,go_emotions,0,113,63,63,0.6068,0.4605,166ff7d66069ec4eb2d526b5e2beef90c47c03bf66734cda09b7d5eee0bae88a
goemotions:146,goemotions,This girl wasn't molested. She was a young (legal) girl who thought it was cool to get with someone her dads age,approval,go_emotions,0,112,63,63,0.6892,0.5021,554981d73a6c147eca8528eb7bfcfb6c6b01420226fef4b951e935e025e9a085
goemotions:147,goemotions,Got a good laugh out of that. Plenty of wall of shame material.,amusement,go_emotions,0,63,63,63,0.7361,0.5048,b73506600a702e620cb9dc1cf9e8861fd409591e384969abbe11d686498bf31f
goemotions:148,goemotions,I was in awe the whole hour I spent in there.,fear,go_emotions,0,45,63,63,0.7326,0.4759,74575e69e4eb092dd6153d3d5eb752aa43575e174dfd1b64bfc147788495f0fb
goemotions:149,goemotions,every time it gets a little wet and windy,neutral,go_emotions,0,41,63,63,0.6068,0.4605,39066c5ebe31750a8371e8e74e6b610dcd02412f4ab6e85f66d3d6478780885d
goemotions:150,goemotions,Was he transporting animals?,curiosity,go_emotions,0,28,63,63,0.7385,0.4809,3fdbcad0ac7ad2cf90dc28fd4ceb33e5f67dd2ea67f4b1dce7b0d433328a1b09
goemotions:151,goemotions,His plan would have worked if [NAME] was not teleported by the writters for that dramatic (And nonsensical) part of the episode.,neutral,go_emotions,0,128,63,63,0.6068,0.4605,68c6a168f84d67d8acf9e157872f0cfa05d0946713444d3fc012d9952fa2cd72
goemotions:152,goemotions,Now [NAME] is the popular one!!,neutral,go_emotions,0,31,63,63,0.6068,0.4605,9b137c04792d224c97557ad7a00ac5720e71a419f7bade161da987a6cdc26093
goemotions:153,goemotions,High IQ post. I imagine this is exactly what’s going to happen.,neutral,go_emotions,0,63,63,63,0.6068,0.4605,a34a21fc648a9d93f0858058deb66276870862d31caf1ca2b976744ca0f205fc
goemotions:154,goemotions,Don't see a W tonight. We need a miracle.,desire,go_emotions,0,41,63,63,0.7192,0.4803,9a2e23e1c197c78e7eb2ebe913b59cb0cab45f4fe8f6174311fede5b55064ddb
goemotions:155,goemotions,Look on the bright side. I dont know what your bright side is but just look at it.,caring,go_emotions,0,82,63,63,0.6876,0.4785,74b435ca88d3654492dcb2a43ff4d36e8fb798a4180099aa620b2c3dd9f63113
goemotions:156,goemotions,"[NAME] is amped, I'm excited that he's excited",excitement,go_emotions,0,46,63,63,0.7804,0.5004,0e8f1bae20647bbbf28cdffeb4830fc25f414f3e3806a2a30d7756446f4461c4
goemotions:157,goemotions,You came here to cry,annoyance,go_emotions,0,20,63,63,0.6656,0.4858,e1d89c3793d24f448dcb071c6b4769dcdf45ff14e98bd4044ff78ed421e4ea5b
goemotions:158,goemotions,"Damn, thanks for the source!",gratitude,go_emotions,0,28,63,63,0.781,0.4832,a4bd4f8408c2dd006b7b6785028105d2f2d73f215480eb190933263af880319f
goemotions:159,goemotions,Thats How femboy works,neutral,go_emotions,0,22,63,63,0.6068,0.4605,c249b734086920cedcb251adf648d3244be8fb8cbbed4b530f1485fa322589c5
goemotions:160,goemotions,The emblem on the left looks like a killer mrs puff from spongebob.,neutral,go_emotions,0,67,63,63,0.6068,0.4605,7c54061bf1c9148dbfa42d243c99b36acd0cd0b4331b83f91511c3f01ef07180
goemotions:161,goemotions,Y’all out here really believing this and I think that’s the funniest part,amusement,go_emotions,0,73,63,63,0.7804,0.5012,c689bb28b3fd7cd2e72d76ac51a296aed6598525b5c8e20ab17c2c1eb7ca7b43
goemotions:162,goemotions,They do sound kinda not worth it then. At least large ones don't sound worth it. You have my sympathy.,caring,go_emotions,0,102,63,63,0.6876,0.477,87274961c24dda1cb732433622fd3d2f4d462c51312fa9cc0517a0e43d06db79
goemotions:163,goemotions,"You spend time in The Donald, do you not understand irony?",annoyance,go_emotions,0,58,63,63,0.6961,0.4858,0cb08fe9e4dea5e63c2e1ede9b2b8e1588cab2dbaad76d395724ca9c9b48436c
goemotions:164,goemotions,"Had one good year that was it, then joins a god squad that struggles to qualify",joy,go_emotions,0,79,63,63,0.788,0.4733,e77844e6bb619ccbd82b7f995ede48306c98997aa678fb8788933a5584235385
goemotions:165,goemotions,Sorry my teams gave you your only two losses this season ;),remorse,go_emotions,0,59,63,63,0.7151,0.4751,5ad36eda218833853a95272e32a2abd59aa5137ea62e5cd7239217b63b0e4dbc
goemotions:166,goemotions,SO MUCH.,neutral,go_emotions,0,8,63,63,0.6068,0.4605,4ef6890638999fc0c5cf6b5e0459937d6cf0a6ce2b8a849e2d02dc961dc192d2
goemotions:167,goemotions,This comes to mind.,neutral,go_emotions,0,19,63,63,0.6068,0.4605,78c93465aa09ff75f0d13c166ecd534c7f3363634a36e9d1e3a8a26a5bc35f0c
goemotions:168,goemotions,Give an example of one with an entirely different meaning please. The context of what you mean by different is lacking.,neutral,go_emotions,0,119,63,63,0.6068,0.4605,71ca03890b4585d435793875eeb84ec3966b4e213d059e1140dad42bd18a8fdb
goemotions:169,goemotions,"Man, that sounds like a big stuff around. Good luck getting it sorted",optimism,go_emotions,0,69,63,63,0.777,0.4944,3e497b92035e082fa86daec4ca7bce127b5d31e0e83dbf5ebb76f89dcbd08ed1
goemotions:170,goemotions,If only buses had lights or something,neutral,go_emotions,0,37,63,63,0.6068,0.4605,26e35f2679bcc38a86b816f710ad21ae5d10f9fcef9ad43cbc833bed90148a1a
goemotions:171,goemotions,"Us girls are taught to always be polite. Screw that, safety is more important.",realization,go_emotions,0,78,63,63,0.6847,0.4781,1183961fbcbd9ae2f313967231054bf7c866be09b21b3a29a5781df6979e7e3f
goemotions:172,goemotions,Of all 3 trilogies the Prequels pander the most to children. Even with its monotonous political banter.,neutral,go_emotions,0,103,63,63,0.6068,0.4605,2eb13bb5ff4ec7f9803904a5b237efff1f3eeee6b5d852852b97b3fd64e3b267
goemotions:173,goemotions,I live here! Apparently I need to be keeping my eyes open.,neutral,go_emotions,0,58,63,63,0.6068,0.4605,a5c484c4432f268418d211a33dec26481f049d8980207e2fd73aad9bfd14417a
goemotions:174,goemotions,*Hey just noticed..* it's your **1st Cakeday** Spottedgriffin! ^(hug),realization,go_emotions,0,69,63,63,0.6847,0.4781,1d68ae98138f64d5b8ddee993492c54a6e4d9db58561fe79e2ad362174f8c881
goemotions:175,goemotions,You're disgusting,disgust,go_emotions,1,17,63,63,0.8258,0.4693,8c45a40dc47f1f07191ab71819b701b5850fa539507468c606cf1d6925422df5
goemotions:176,goemotions,The worst bbq in Texas Edit: Some of you are getting seriously r/wooooshed It's their slogan.,disapproval,go_emotions,0,93,63,63,0.6807,0.465,29cffa3c0c779b461e1f503638b66b625bd1c445cb5392bb0cda405514972a0c
goemotions:177,goemotions,"Haha. Got ‘em. Also this just in: Los Angeles is expensive. In other news, unrest in the Middle East.",neutral,go_emotions,0,101,63,63,0.6068,0.4605,0c386ab3f7bfe745327aa6b4ae5841f357d3df6ec8bbcf919ab3dc8a8935602a
goemotions:178,goemotions,Make sure he gets some glucosamine(!),neutral,go_emotions,0,37,63,63,0.6068,0.4605,433bd1370e1b14298c8282901487d40487f317e7053ffd6ce822236081248921
goemotions:179,goemotions,Right. All a delusion in order to control people.,neutral,go_emotions,0,49,63,63,0.6068,0.4605,cb78f090d748e7882b5169923ec7022ea4ec10d18c8ece3324c771764e9bd227
goemotions:180,goemotions,Generally you are still a “teacher” but I’m not sure 100%. I know my instructional coach role is still “teacher” contract/pay.,confusion,go_emotions,0,126,63,63,0.6593,0.4826,f375c4049faa4f5dae4e049cea6b4a395ece1201f2080308e739a36ff0ab8b7a
goemotions:181,goemotions,I’m sorry. Can you please explain what are the 2 accounts of the order of creation are contradictory?,curiosity,go_emotions,0,101,63,63,0.7385,0.4809,eac14c98d7b1fd25449c0591fbfb0ec94b11c340054b30280a862e16277daa2f
goemotions:182,goemotions,Let’s gooooo WHI,neutral,go_emotions,0,16,63,63,0.6068,0.4605,960d6b9eb9388feffc2e58e1b248440661a52d2cf42554cc0cd4792e728cfd48
goemotions:183,goemotions,Make fun of them all you want; fact is they won during the regular season when we couldn't.,amusement,go_emotions,0,91,63,63,0.7804,0.5033,afe7dd80d9fa92603c5d34f99ef1744dab4900f2f2e93e9f1b8e8ac4021950ad
goemotions:184,goemotions,I bet you could get away with this at work just fine.,approval,go_emotions,0,53,63,63,0.6977,0.5021,bae31406e85efadff0c5c068e095a72a030e2071a324fce2ed0476e58a5c5103
goemotions:185,goemotions,Hunting would at least be more rewarding and fun. Every time I wanna meal prep in RDO I just horseback ride and lock-on to deer.,amusement,go_emotions,0,128,63,63,0.7804,0.5029,d13f4d274289a73994c912866c0933a8b803244bfbc5c6d47bf25426d6d33f2e
goemotions:186,goemotions,Praise the [NAME] for REALITY! WOOF!!!!!,relief,go_emotions,0,40,63,63,0.6741,0.4847,b480a11cfd97465fe9f213e92d9bdb8337cedbb1f0ae734fc2600e822f219664
goemotions:187,goemotions,I have no clue either,confusion,go_emotions,0,21,63,63,0.6593,0.4826,95dfe234bbd4d3f2ea8552f0197cc3f29f0d52474e36a95c7963851dcb3c7ae5
goemotions:188,goemotions,"When you decide to root against your favorite team, for a better future “The hardest choices require the strongest will”",optimism,go_emotions,0,120,63,63,0.777,0.4944,4f3031c4d893a0b697a0412e5e7be922614392a8d656b2e413f847381ae13bee
goemotions:189,goemotions,"Back in my day, we didn't even need language to survive! Animals just roamed around, making different sounds depending on context! ",neutral,go_emotions,0,131,63,63,0.6068,0.4605,6f1d726da09f21c2c29241a617a199919e76068420a656dcddaf75cb7a2337b8
goemotions:190,goemotions,I don't find anything about women appealing.,disapproval,go_emotions,0,44,63,63,0.6807,0.4713,d055a9f91c265a09187f00448af3c60162c4b055e6c37fe85eb697f8089c6975
goemotions:191,goemotions,What a game.,surprise,go_emotions,0,12,63,63,0.731,0.4904,411054c3c14b06f690fa881a260616c9a05c47c08523b640cde23f05eb2ca436
goemotions:192,goemotions,No response after a week? That's something to worry about.,nervousness,go_emotions,0,58,63,63,0.7121,0.4496,239ed22d2a373d91d11a098e95c7946ce812860d78812486cb9bae7ecda65b6e
goemotions:193,goemotions,So where are all these [NAME] lining up to be landscapers and farmhands for minimum wage?,neutral,go_emotions,0,89,63,63,0.6068,0.4605,40ab28d4e17c5b479c794fd04ad8a139171dea71362243e2011e24d7323c2397
goemotions:194,goemotions,"I'm concerned for my fellow redditor. You seem to not be feeling well, and hallucinating. Shall we have a mod come check on you? ",curiosity,go_emotions,0,129,63,63,0.7385,0.4809,2a02cb90125e3acf07cc88042327f8c8e1156cbaf5d95708cbf15c93b99e631d
goemotions:195,goemotions,Big yikes. Biiiig yikes. I do feel your pain. I wish I could upvote you more than once.,desire,go_emotions,0,87,63,63,0.7385,0.4803,f13f31bb0bec6f0159e95f504770768e8b5b1810b34a01f92fe29255bde1a5c9
goemotions:196,goemotions,Thanks will check them out!,gratitude,go_emotions,0,27,63,63,0.781,0.4832,18a8e2f2cdfea1d7f2aa9d7273a1a8e7318871f36d55cdda6e841034555a83b7
goemotions:197,goemotions,Post the shaved [NAME] bro! #1 guard all over!,neutral,go_emotions,0,46,63,63,0.6068,0.4605,c4257246f281f467f77eed994642d8fc0f97a53a15f2e95f748158d3fe26a001
goemotions:198,goemotions,You're never too young to have a Vietnam flashback,disapproval,go_emotions,0,50,63,63,0.8258,0.4713,f58c9e3da51325a57c97d5596ab48b003c82dd54beca800d0ee593830138971c
goemotions:199,goemotions,I’m sorry but [NAME] has better memes,sadness,go_emotions,0,37,63,63,0.7799,0.4792,00bc58a464b58473732886660f02fe201e8dc97e2f10ab53c9fa3ba3e74bdffb
fintopic:0,fintopic,"Australian households are in a “fairly good position” to cope with higher interest rates, Reserve Bank No. 2 Michele Bullock says  https://t.co/4DFBsZaETA",fed or central banks,fin_topics,0,154,63,63,0.6669,0.4298,2050ff974f4a43e5cacc252a5e905b13e552f6f2ea944020f1ffc857f35d2b6d
fintopic:1,fintopic,Stock-market investors are still wagering that the US economy will avoid a recession even as the Fed and other central banks raise interest rates aggressively to get decades-high inflation under control  https://t.co/zkJUz0Nla4,markets,fin_topics,0,227,63,63,0.6875,0.4944,4a0098b2e6a99302402b73f2015fdc4bd4a0d3ff38ea602ed7bd112c59262eb8
fintopic:2,fintopic,$SKT - Buy Tanger Factory Outlet's Solid 5.5% Yield.  https://t.co/gZJvB0IEaJ #trading #finance #stockmarket,stock commentary,fin_topics,0,108,63,63,0.7029,0.4423,bc25f977885610cadaa0ebfaffdd5388fb22b95e95fe33e82d14ca08e5989743
fintopic:3,fintopic,Netcapital Inc. Announces Closing of Public Offering  https://t.co/zLdT7eVhMB  https://t.co/WQFCRWbNN1,company or product news,fin_topics,0,102,63,63,0.7207,0.4404,58937018ae9e5dfa1f26f202b1522e18d4207194525ce9b0c2c0f9cd1989b0bc
fintopic:4,fintopic,$FWRD - Forward Air raises Q2 EPS and revenue view above estimates  https://t.co/YyBxv6xdVR,financials,fin_topics,0,91,63,63,0.7118,0.5083,2d6b19348639751da9816e966f06cadc71b9092f9b216df32631fa76c734efea
fintopic:5,fintopic,BASF says Q2 operating income well above projections  https://t.co/xZ3SGKQxty  https://t.co/Zj7dbmzVy7,financials,fin_topics,0,102,63,63,0.7118,0.5083,bcf27224073df93f72de3a741092840e41acbdc1499e0a46845be10c1d57d3aa
fintopic:6,fintopic,$HEI $HEI.A - Heico takes 96% stake in Accurate Metal Machining  https://t.co/RykcpruWQm,m&a or investments,fin_topics,0,88,63,63,0.6876,0.4531,854c71f85fda065dd41b1f23f56750f2630f9777a98c1c140abbc811f4b460cf
fintopic:7,fintopic,$TRIP $ERJ $GOL - Travel stocks slide again as expected post-pandemic boom hits more snags  https://t.co/BLcLDEZIgq,stock movement,fin_topics,0,115,63,63,0.7076,0.4085,d298d2248e71920074752e1e2e218b271461b7b2c14f0052783803ada540d23a
fintopic:8,fintopic,"$FMFG - Farmers and Merchants Bancshares GAAP EPS of $0.67, revenue of $6.21M  https://t.co/mpj8xJXcqd",financials,fin_topics,0,102,63,63,0.7118,0.5083,307dee9064d649f5ad8cb94243ebe1c254389c3d2d767633ebcce7a8118dfe17
fintopic:9,fintopic,"Citigroup economists have labeled a global recession a “clear and present danger,” while repeating they estimate a 50% probability of such a slump  https://t.co/BnJaOkPGiL  https://t.co/hU6jNMPWXC",macro,fin_topics,0,196,63,63,0.6056,0.4811,b7b3967d7516c3207faa0b4e494abd2b7cd4d7da5e05bf13b8b720bbe20041d3
fintopic:10,fintopic,$SPY $VIXX $VIX - Wells Fargo's Animal Spirits Index now signals a recession  https://t.co/ffx3VNYQco,stock commentary,fin_topics,0,101,63,63,0.6974,0.4455,8b0e2bc532b7851c10610ecaf04d8802dbf9211007305929620f34dfb1b1e260
fintopic:11,fintopic,Elon Musk: Crypto is not contributing to an environmentally sustainable future yet,company or product news,fin_topics,0,82,63,63,0.7207,0.4406,8aba663039953d85fa1b3afb7d460ec37852b22a2c90c44556bba4e25e991182
fintopic:12,fintopic,‘Forget about space’: industry pioneer quibbles with New York’s life sciences vision  https://t.co/tCK7JJ5GED,general news or opinion,fin_topics,0,109,63,63,0.7219,0.4792,0f8536137ed4e652561e9e44411f397a1f27822df877cd01c5bc11a9f6e7982f
fintopic:13,fintopic,We’ve just raised interest rates in order to achieve stable prices in the euro area.  Tune into #TheECBPodcast to hear President Christine @Lagarde present the decisions in our press conference   https://t.co/0qwB0QCskm,fed or central banks,fin_topics,0,219,63,63,0.6953,0.4285,3430bb741f75c710088afb05f9e10d2d6dcecfa7492d676a1f55b11f5bed7060
fintopic:14,fintopic,The recovery in Russian oil production continues as higher domestic demand offset a slight drop in exports to key markets  https://t.co/istHfUNvDx,energy or oil,fin_topics,0,146,63,63,0.7006,0.463,02a1abff81051fdcc8bdbc4ed976448853d0bb95eb411dc87aafb150bacc699c
fintopic:15,fintopic,$RELL - Richardson Healthcare expands CT Tube business into Canada  https://t.co/yuYsfcQbhJ,company or product news,fin_topics,0,91,63,63,0.7207,0.4404,3fa94c86f66059b954e0c6a9f628dafd0f9f784f1b40442416d4c543e4c357ad
fintopic:16,fintopic,$DIDIY - A Silver Lining Is Finally Appearing For DiDi Global Amid Dark Clouds.  https://t.co/wZdCSs5w63 #trading #finance #stockmarket,stock commentary,fin_topics,0,135,63,63,0.6974,0.4549,e46bc44c7c235250e1f84a231766d7f2c39385a30b4152ca23c91d29f85a350e
fintopic:17,fintopic,"Entera Welcomes Ex-Amazon and Now Senior Vice President of Real Estate Brokerage Services, Dozie Okeleke  https://t.co/RFOeP7ayrj  https://t.co/Lic1ofzqvP",personnel change,fin_topics,0,154,63,63,0.661,0.4628,d2f7bfa1d739471b40d73f3db942be648c6bc515610015c8a5174ad00630d3be
fintopic:18,fintopic,"Fed's Waller: Soft Landing Is 'Very Plausible,' Based On Strong Labour Market  - Backs Further Rate Hikes Until Significant Moderation In Core Prices is Seen",fed or central banks,fin_topics,0,157,63,63,0.6953,0.4304,ea023016b7389627e3c812c5d48f03ae2921f88e29bd14536533f7e7457ceb06
fintopic:19,fintopic,$SCANX: Early premarket gappers  https://t.co/UZA9uDzpkE,stock movement,fin_topics,0,56,63,63,0.621,0.4085,8a033b546c2a933867933a3a159df38e38c5b07efb7c706357bf192fecfa7991
fintopic:20,fintopic,Homebuyers of 35 development projects across 22 cities in China have decided to stop paying mortgages as of July 12 due to delays and a drop in real estate prices  https://t.co/QGdXukIABd  https://t.co/hWAVQvnPix,macro,fin_topics,0,212,63,63,0.6056,0.4813,dcc45d9fc16771e8c57d3fbaae99bbd114cff7d75ba576d196ee97ad7c212f86
fintopic:21,fintopic,The baggage chaos at airports is getting so bad that travelers are turning to AirTags and similar devices to keep tabs on their belongings  https://t.co/KzbTPQF8w5,general news or opinion,fin_topics,0,163,63,63,0.7219,0.4792,90bbb4e9a9763126cde6eab7d749d9710f52d29cec8500960bb95eb892f99ca9
fintopic:22,fintopic,"Inflation: Coffee visits to Starbucks, Dunkin' drop as record-high pricing takes hold  https://t.co/W4xyBM7fSM by @alliecanal8193  https://t.co/X8banSgaXI",macro,fin_topics,0,154,63,63,0.6056,0.4813,51beb5db583a8fd0fb008376520682d2cb749f07528c12092fa99ea947ae48f5
fintopic:23,fintopic,Mario Draghi has signaled that he’s determined to resign as Italy’s prime minister within days   https://t.co/fWyScvcYYM,politics,fin_topics,0,120,63,63,0.7084,0.5045,e1d653b10cf38a310ec3b2a722d1d022aefb6e0e7a8989110094cba4af47800c
fintopic:24,fintopic,Hungary central bank leaves one-week deposit rate steady at 9.75%  https://t.co/PjKtAZ6lKs  https://t.co/uOxOPCgNmH,fed or central banks,fin_topics,0,115,63,63,0.6953,0.4296,fa17453ab5f1af1b52248fe1cf0d722e12e6e91dca08a469da80725a6214b60f
fintopic:25,fintopic,$ABB - ABB misses Q1 earnings; reaffirms FY22 guidance and issues Q3 soft guidance  https://t.co/6rhPDjhUaf,financials,fin_topics,0,107,63,63,0.7118,0.5083,a334bb363a89309e9e99d8da0aedd8b1c2adb6e163ecf2bf743ef1c9b1f46be6
fintopic:26,fintopic,"Gazprom declares force majeure on supplying at least one European customer, according to a Reuters report  https://t.co/K0qnhWgmaF",company or product news,fin_topics,0,130,63,63,0.7207,0.4404,c73fe2878add855b5aaf21b8472acf8aef560352ada56ae1297f56aa5dfa968d
fintopic:27,fintopic,United States Steel Corporation Scores 100 on 2022 Disability Equality Index  https://t.co/cyidyfojXy  https://t.co/LXrntzUUJ2,company or product news,fin_topics,0,126,63,63,0.7207,0.4404,f14035d8b66094bc2c92e7170f06d7ff6470132cdb911a26b2b4d7c519508772
fintopic:28,fintopic,"$IVSXF - Investor AB GAAP EPS of -SEK43.93, revenue of SEK23.93B  https://t.co/jYNwpm7vmB",financials,fin_topics,0,89,63,63,0.7118,0.5083,8cfe39e2c78fb80b49a83abb7370d9a4de019a4cfa9cfaf4c91c63868842f5cf
fintopic:29,fintopic,"Three Arrows became the most important hedge fund in crypto. But when the price of Bitcoin fell, the fund's sudden collapse revealed how interconnected the crypto industry is  https://t.co/PSKhO5zXMd",general news or opinion,fin_topics,0,199,63,63,0.7219,0.4764,b2c924ca1bb947f274b1be1f7bfea76e9d1c0a1206363c8f4b160ac60a58a0fb
fintopic:30,fintopic,$NOK $NOKBF - Why Nokia Is A Buy Ahead Of Q2 Earnings.  https://t.co/oPlJdccz3x #stockmarket #trading #stocks,earnings,fin_topics,1,109,63,63,0.7253,0.5025,5000ae55c7374b4e13027fbc24e27d4f2a83858c433d18328c4bef4997ae00bc
fintopic:31,fintopic,Shein became one of the world’s top startups by turbocharging fast fashion—but its business model is becoming the biggest threat to continued success  https://t.co/UFw1Ct5sDV,company or product news,fin_topics,0,174,63,63,0.7207,0.4404,4d852486e9daa6809368a43ebe81c2ecae1ea261bec67777ee62a83cc92d36d5
fintopic:32,fintopic,The St. Joe Company Releases a Video Showing Progress on Projects Currently in Development or Under Construction  https://t.co/DVnpP9CIzH  https://t.co/bMIDU6XS5b,company or product news,fin_topics,0,162,63,63,0.7107,0.4406,d508c169d839f86dfbfc29f245076f1077850a06492e65488a604f764dca0b32
fintopic:33,fintopic,Single-Family Home Construction Retreat Continued In June.  https://t.co/ZULq4hp1Cz #trading #investing #business,macro,fin_topics,0,113,63,63,0.6056,0.4822,ec985553520ddfd1be58d2ca28bdc8315d3a7696da9ce4e5df011e4de209e053
fintopic:34,fintopic,$WIRES: On The Wires  https://t.co/DpoxEM7WHa,stock commentary,fin_topics,0,45,63,63,0.7029,0.4423,969c9d444bd003ce63163b4ca6e0b7ba5a0154b5756ba65eac5e1affee913d1e
fintopic:35,fintopic,IRAN KANAANI: TEHRAN WILL FACILITATE PEACE TALKS BETWEEN UKRAINE AND RUSSIA   Talks between Iranian FM and Ukrainian FM are underway,macro,fin_topics,0,132,63,63,0.6056,0.4813,d52fc02a16a91d280577ad0d7b4fe1627b19d10d5218413cc1fc4569e8e818cb
fintopic:36,fintopic,"Citigroup economists have labeled a global recession a “clear and present danger,” while repeating they estimate a 50% probability of such a slump  https://t.co/tQKetUoiYg",macro,fin_topics,0,171,63,63,0.6056,0.4811,17f864bc2995560b1e29bd4ab478d256b08ef3646c0f6924c96de2da7fb8f657
fintopic:37,fintopic,U.S. OIL FUTURES TURN POSITIVE IN VOLATILE TRADE AFTER FALLING BY $2 A BARREL EARLIER IN THE SESSION,energy or oil,fin_topics,0,100,63,63,0.7006,0.4561,2cb5b606c3bbb821a5998ed15b4e80128e1b13f020572ad5936ec226283dda77
fintopic:38,fintopic,The European Union is falling behind on its high-profile promises to deliver a substantial aid package to Ukraine  https://t.co/WaY5Yx20VS,macro,fin_topics,0,138,63,63,0.6056,0.4813,e9342e59e8993ee3dbf8969c8d5b4d2088ac2757422f7e95480db3724ee7d1d7
fintopic:39,fintopic,$KSCP BINGO BINGO..... I TOLD YOU,stock commentary,fin_topics,0,33,63,63,0.7029,0.4423,2f310ccaa64cd97b12bfee4888eb1513a1e72b5cada1a1b1ed4a9360fa3bfef8
fintopic:40,fintopic,+Initiations 7/19: $AMCR $APLS $ARCT $AURA $CASY $FTHM $NINE $NOVN $STKS $TASK $TIXT $WALD . -Initiations 7/19:,stock commentary,fin_topics,0,111,63,63,0.7029,0.4423,4f972d90fc8460b50902fac489901e398761a13d85a0d936a9714dcf51aae180
fintopic:41,fintopic,Aeva Announces Date for Second Quarter 2022 Results and Conference Call  https://t.co/y1lQMg4u3G  https://t.co/tnKVpZNrMI,earnings,fin_topics,0,121,63,63,0.7253,0.5025,3a1d8d5dca4d1ee26f48861ae57b00e91ee764b626d444d3a1467ff1424727a3
fintopic:42,fintopic,"Zimbabwe’s central bank approves a regulation that will allow the country’s power utility to bill the exporters in dollars, euros and other foreign currencies  https://t.co/S00Ti33tcy",fed or central banks,fin_topics,0,183,63,63,0.6953,0.4298,fd69f5fe2a0ee3259b2d3bdb2be4222c4201e530c045cdc39b4aebd773016a57
fintopic:43,fintopic,"Rishi Sunak was seen as Boris Johnson’s natural heir, until he turned on the prime minister who put him in charge of Britain’s economy  https://t.co/kHnGbFnPkX",politics,fin_topics,0,159,63,63,0.7084,0.5045,d6a02bf80d2aff805ade3c2a43bb434afaf7dd87424e75dd9684cee8f50f3a48
fintopic:44,fintopic,"Yellen sees some use for forex intervention, but not for competitive advantage - Reuters   https://t.co/GF12fBQkec",fed or central banks,fin_topics,0,114,63,63,0.6953,0.4324,bef10d0437603f294ac920408ae85d5d4163082bf971de839a13918fdb5d95d7
fintopic:45,fintopic,"The currencies of economies such as Australia🇦🇺, Canada🇨🇦, Korea🇰🇷, and Sweden🇸🇪 now account for three-quarters of the latest shift from dollars in the composition of global foreign-exchange reserves.  https://t.co/G7Ad1kofBA  https://t.co/FQsnrK5DjN",currencies,fin_topics,1,250,63,63,0.6763,0.4751,ee699250a295b7219a8956580f915a962c87102eea332485d8aca37f47e879f4
fintopic:46,fintopic,$CCI - Crown Castle bumps up 2022 adjusted EBITDA guidance after strong Q2 earnings  https://t.co/MlJfuBkBLI,financials,fin_topics,0,108,63,63,0.7118,0.5083,16bace01c10c73a3b659565145f4ac986807c79ef7c1895132461fac2b7de332
fintopic:47,fintopic,"UL Solutions Approved for Ethernet Alliance Gen 2 Power Over Ethernet Certification Testing in Taiwan, Extending New Flexibility to Manufacturers  https://t.co/PfNPD6nsbm  https://t.co/4SH89KyXUr",company or product news,fin_topics,0,195,63,63,0.7207,0.4406,9fd7b912e286ecaacc2265b022b2a6efb29cbe17aaef7f08263311332d6c3fff
fintopic:48,fintopic,Spain pledges $1.9 billion to IMF new sustainability trust  https://t.co/megyceOTve  https://t.co/RPn2DIufjm,fed or central banks,fin_topics,0,108,63,63,0.6669,0.4285,09107d0a2db451ec9436933abd291fa2eb8f25cc4adacbb4e1dfb6d2b09c6db6
fintopic:49,fintopic,"Shigenobu Nagamori is back at the top of Nidec, one of Japan’s biggest companies, and doesn’t intend to leave until he’s boosted the company’s share price to a record  https://t.co/8qyBqPIGlJ",personnel change,fin_topics,0,191,63,63,0.661,0.4628,b3d333fbd61725040b10eec3cae692c6661b540067c0689975550f9123e897b8
fintopic:50,fintopic,Shanghai’s economy shrank almost 14% in the second quarter during a two-month lockdown  https://t.co/ea6xrBQbpM,macro,fin_topics,0,111,63,63,0.6056,0.4813,4df051b69c696d84be99922d96a26b95602fad336f059111291cb571182a18b9
fintopic:51,fintopic,"$COLB - Columbia Banking System GAAP EPS of $0.75 misses by $0.02, revenue of $172.46M misses by $5.31M  https://t.co/F3VetLe36G",financials,fin_topics,0,128,63,63,0.7118,0.5083,79c5dc2bd74f709d0ff67addaabf3b2e771c5bfac42472f80b1fdbbdab915262
fintopic:52,fintopic,$W $XLY - Wayfair price target lowered amid furniture retailers likely to see weakening demand in Q3  https://t.co/PKqwtLeuz7,analyst update,fin_topics,0,125,63,63,0.7029,0.459,f9fc0a7b407c3477e840caf855cbf7b98307bbc241209a5abcc5a7034f51a549
fintopic:53,fintopic,@RTNRTN @PeterTrader99 Need to see more Accumulation Volume patterns in $GNRC to get interesting again.   Not much to get excited about so far,stock commentary,fin_topics,0,142,63,63,0.6974,0.4455,b38f97a4bdb606b6a3674eb43c2aa46bb7512ae299ceedc37aa7b4c937762591
fintopic:54,fintopic,"Four people, including a gunman, were killed Sunday evening at an Indiana mall after a man with a rifle opened fire in a food court and an armed civilian shot him, police said (via AP)  https://t.co/Kej87Oz4u9",general news or opinion,fin_topics,0,209,63,63,0.7219,0.4792,463f9903f0859f62bf736bf8cd6a760606cd563dfea73d5c89e381a2237ae960
fintopic:55,fintopic,BHP will accelerate the start of a $5.7 billion potash project in Canada as high gas prices and curbs on key exporters disrupt fertilizer supply chains  https://t.co/jgTNP8YXge,company or product news,fin_topics,0,176,63,63,0.7207,0.4406,50a01b5515444e4e6eb7c24ba6a1d8b7d0c0e48a8a534ecb9e07e1a4841c21f1
fintopic:56,fintopic,"INVESTIGATION ALERT: The Schall Law Firm Encourages Investors in The J. M. Smucker Company with Losses of $100,000 to Contact the Firm  https://t.co/HVgM4bmIRq  https://t.co/X0TwQlWzU2",legal or regulation,fin_topics,0,184,63,63,0.7433,0.4812,c84418ed497d8cf5e6c25a50eda6f921386a08179b67a1c3a35ebefafd589b47
fintopic:57,fintopic,Largest Ceragon Networks Shareholder Sends Letter to Board of Directors  https://t.co/dysYHCENL0  https://t.co/JyVRIaaIJ3,company or product news,fin_topics,0,121,63,63,0.7207,0.4406,69af464238fa2c09be47c6ac5c350376e469ced51972f8146752bb5668d8230f
fintopic:58,fintopic,"Germany is in talks with some of the world’s top LNG suppliers, including energy giant Shell, to replace Russian fuel with alternative supplies  https://t.co/Yv5ZYV5BcN",energy or oil,fin_topics,0,168,63,63,0.7006,0.463,6df25484f0c329d199f33f6ede8a55f3e24a8a13590afcad57709743bfa49c36
fintopic:59,fintopic,"The House Jan. 6 panel is seeking to recover Secret Service text messages that could shed light on then-President Trump’s actions as the Capitol attack unfolded, but were erased from the agency’s computer system  https://t.co/7Fx8Cxyl12",politics,fin_topics,0,236,63,63,0.7084,0.5045,4e611e168c895009dd7847ab9c7f76277147dcfd8f6193a0df5e5689ed19d619
fintopic:60,fintopic,India's IT giants pay CEOs millions as turnover climbs among software talent  https://t.co/g0qzp5zVKt,company or product news,fin_topics,0,101,63,63,0.7207,0.4408,0d47a3be947990672d86baecdb175ab736582bcbd28a12cbd4f5abf5b7ff94d8
fintopic:61,fintopic,$EWD - Sweden's Riksbank minutes: More rate hikes may be required to tame inflation  https://t.co/xCfCeAosxh,fed or central banks,fin_topics,0,108,63,63,0.6953,0.4304,ed09481a4a58b1360528d9b3788c7c8389e16a4145d42eb6f03c337ca48dd4ef
fintopic:62,fintopic,"Stocks may keep falling as this ‘harbinger’ points to potential ‘hit’ to companies’ forward profits, warns Morgan Stanley  https://t.co/SPWEMaamrj",markets,fin_topics,0,146,63,63,0.6875,0.4944,ed56967be470ee14b91419dabb06ac469c2cfd104d7ab5f1b551cee46d891703
fintopic:63,fintopic,Ghana’s central bank may raise borrowing costs Monday after producer inflation quickens to a near-eight-year high  https://t.co/M3LL5vm7WR,fed or central banks,fin_topics,0,138,63,63,0.6669,0.4363,fd8b5a9c41522a8138b20f5aa5d5789473d2a8897b2a3f31bf54e277d6b7be42
fintopic:64,fintopic,$GM - General Motors is cut at Deutsche Bank ahead of earnings report  https://t.co/M6uNfoTz4f,analyst update,fin_topics,0,94,63,63,0.6524,0.4378,2d2cca3b0cbb966648889006d6fbdf39e6005ac557529783ea3ddeab274479f9
fintopic:65,fintopic,"Kosmos Energy to Host Second Quarter 2022 Results and Webcast on August 8, 2022  https://t.co/yMSLovBHhI  https://t.co/JjEU4xVPZG",earnings,fin_topics,0,129,63,63,0.7253,0.5025,67013fc57f57b853b4e43b47412363146a630b3a071c9ceed8767ef907648911
fintopic:66,fintopic,$TELL: Tellurian to purchase natural gas assets from privately held EnSight IV Energy Partners and EnSight...  https://t.co/RFwnaFTer7,m&a or investments,fin_topics,0,134,63,63,0.6876,0.4523,c8d9e209ea7319fb7f9706796d8b63fd928a4322ed51a78ae419f4f192f684cd
fintopic:67,fintopic,$OPTNX: Unusual Options Activity  https://t.co/2Yqebdo61N,stock commentary,fin_topics,0,57,63,63,0.7029,0.4423,e1b6a5d528610b742e1d4cd828df139fc2a55a81ada4e7beeb101b704fc37f1d
fintopic:68,fintopic,$GOOG $GOOGL - Google pausing hiring for two weeks - report  https://t.co/ENEJzVROHT,company or product news,fin_topics,0,84,63,63,0.7207,0.4408,938868bb0692ec119d1806750d28f07ae003c3438c9ac490aa747885f9fa361b
fintopic:69,fintopic,"WATCH: Netflix predicted it would return to customer growth during the third quarter, sending its shares higher in after-hours trading  https://t.co/1c5hRsTBZO $NFLX  https://t.co/yxZP29nzTL",stock movement,fin_topics,0,190,63,63,0.7076,0.4085,c88beb42e1d992babf00ab9fb9fddd416d00ead5dfce611fb811bca2fd54c495
fintopic:70,fintopic,"$NVAX: Novavax: US CDC Advisory Committee voted unanimously to recommend the use of the Novavax COVID-19 vaccine,...  https://t.co/0qoHnbx5DC",company or product news,fin_topics,0,141,63,63,0.7207,0.4406,bf7548872b35da7538e6c3892f2d922833c321cf0d55148a911889ae4c487d39
fintopic:71,fintopic,"$ICPBF $INQ:CA - Inscape GAAP EPS of $0.02, revenue of $11M  https://t.co/pvzPtlwzd0",financials,fin_topics,0,84,63,63,0.7118,0.5083,5172a020519b3befb1e3b99dd0a21c0f83777858e0953a206eafe6465c55644f
fintopic:72,fintopic,RBNZ ANNOUNCES NEW STANDING REPURCHASE FACILITY,company or product news,fin_topics,0,47,63,63,0.7207,0.4404,5e26409a94efef1419a8f698ab3edea941dbcaea5852081ea8686d933031130d
fintopic:73,fintopic,Evergy Schedules Conference Call to Discuss 2nd Quarter Results  https://t.co/ldXsjzEcjW  https://t.co/0bmWTnRIPs,earnings,fin_topics,0,113,63,63,0.7253,0.5025,6fd5362b4b3d53b742635250319d067433f447c5d85ee5b802ea49ffdbed4d90
fintopic:74,fintopic,New Relic Launches Agentless Monitoring for SAPⓇ Solutions  https://t.co/4z1vdMvlEi  https://t.co/WGidDL9DNm,company or product news,fin_topics,0,108,63,63,0.7207,0.4404,af8c56d0ec16002b158b29add3f2057e10f5c0d23e8424e6cc041e07a8bbb65d
fintopic:75,fintopic,"“It is clear to anyone who visits a grocery store or a gas station that we cannot add any more fuel to this inflation fire,” Sen. Joe Manchin said.  https://t.co/QsHKFnhXeN",politics,fin_topics,0,172,63,63,0.7084,0.5045,bb0587d57b3859b8ad3b4190758e30ffbcec4caeb7eb3177df88120416f4fb98
fintopic:76,fintopic,Ready for Amazon #PrimeDay 2022? Here's everything you need to know.  https://t.co/9MNm8l6jO9,company or product news,fin_topics,0,93,63,63,0.7207,0.4404,bb610a981cc81270d2bcb27c205cf9116fc104b07d87967c2ebe293639cdcbad
fintopic:77,fintopic,$OPRT - Oportun Financial prices $400M of asset-backed notes  https://t.co/JK1rnTEvGi,treasuries or corporate debt,fin_topics,0,85,63,63,0.6953,0.4301,1e4e619d51650cd0cd02c9776701fcf7c2711d30858bf5ca64d6f9b007fed4da
fintopic:78,fintopic,"A UK income tax cut would mainly benefit wealthy households and do little to address the growing cost of living crisis, according to new research  https://t.co/rKI4tDIien",macro,fin_topics,0,170,63,63,0.6056,0.4822,68702b19fb7b0a27e0db5d14206ba411b02746c0ec6e61a05b457bc52bc6c0e1
fintopic:79,fintopic,Vertical Announces Appointment of Former McLaren Automotive CEO Mike Flewitt to its Board  https://t.co/FEhE4MGTA2,personnel change,fin_topics,0,114,63,63,0.661,0.4628,3a9736b124b3db0ec774b0c6d120f67e60a4d96874b78da7873ff9ac997fabb6
fintopic:80,fintopic,$TH $NOW $VIX,stock commentary,fin_topics,0,13,63,63,0.7029,0.4423,8276c3c049ee27111fbbbf00fbe95338bceaba240d08f00877851813cbd6361d
fintopic:81,fintopic,"Governments need to focus cost-of-living support to those most vulnerable in order to avoid undoing central bankers’ work in fighting inflation, the IMF’s chief said  https://t.co/NIUBYHcL9D",fed or central banks,fin_topics,0,190,63,63,0.6953,0.4324,ce43c767a6c44f7d2fc4411c3272500783778188340db62e6f52f5ae558a8084
fintopic:82,fintopic,$ILPT - Industrial Logistics Properties Trust: Bad Management Strikes Again.  https://t.co/1XhPxhqRa7 #markets #stocks #stockmarket,stock commentary,fin_topics,0,131,63,63,0.7029,0.4455,f892882e0dfb36877ac4113d4bead613c9d66c98260b4fc8b652b502766b48d6
fintopic:83,fintopic,"New House Prospective Buyers' Traffic Plunges, Homebuilders Cut Prices, Sentiment Dives.  https://t.co/tWGFCZlhvZ #markets #business #trading",macro,fin_topics,0,141,63,63,0.6056,0.4822,541d2db888b397492b25d5946c70a16035633bf8c77b54813dde78b1bc2c3a43
fintopic:84,fintopic,"Chase Corporation to Acquire NuCera Solutions, a Portfolio Company of SK Capital  https://t.co/mqV2V2vtKB  https://t.co/UoC78L5O8P",m&a or investments,fin_topics,0,130,63,63,0.6876,0.4523,41d79f6035de6fa7a374763e6a5f5ec71fb9ef0a3f48e1ef3088a6f0bf6cc3d2
fintopic:85,fintopic,Abortion on a boat? Reproductive rights activists are looking to mobile solutions where abortion is now illegal  https://t.co/eh6IPaYuzi,general news or opinion,fin_topics,0,136,63,63,0.7219,0.4792,bd4068546212762b32a28dc315c58f9bd2c52f6d350d283247b4b7c90099751a
fintopic:86,fintopic,$TWST - Twist Bioscience launches monkeypox virus DNA controls  https://t.co/PCuUZxIrJT,company or product news,fin_topics,0,87,63,63,0.7107,0.4453,18a209e06d9ceb7246aa6164a0ad45d76d9702ff67946210566659d211f6845f
fintopic:87,fintopic,Pigs show how China's been winning the battle against inflation.  https://t.co/xFbpWCqk60,general news or opinion,fin_topics,0,89,63,63,0.7219,0.4792,dc48c8531a664b8a740b95ffc0db682c895f7e70bd2e4fd2498d079600ba07d3
fintopic:88,fintopic,$VINO volume alert......,stock commentary,fin_topics,0,24,63,63,0.7029,0.4423,ad28bc1ed1fe0d82b48bbbc8c86c2dbc4629119e4dfe18029563c50e33954aca
fintopic:89,fintopic,"Sovereign bonds from Angola and Gabon are trading at distressed levels, raising the number of emerging-market nations at risk of default to a record  https://t.co/2yl2SWmpeU",treasuries or corporate debt,fin_topics,0,173,63,63,0.6953,0.4301,8581bae2e064dd8a15759cc9a376a5840af98afd5585a04a2e8ebe17daa76ebe
fintopic:90,fintopic,"Longer maturity Treasury yields have scope to go higher still and the market is erring in pricing in Fed interest-rate cuts in the latter part of 2023, according to Franklin Templeton  https://t.co/EaKrtLN13D",treasuries or corporate debt,fin_topics,0,208,63,63,0.6876,0.4301,a5793d35f2cb5669eb493f9977210c683d04cec311ddc0c8b238b951fafcbaec
fintopic:91,fintopic,$CGEAF $CCA:CA - Cogeco Communications Inc. 2022 Q3 - Results - Earnings Call Presentation.  https://t.co/ziIvtkcP3c #economy #stocks #investing,earnings,fin_topics,1,144,63,63,0.7253,0.5025,345c676b52565d3d1b25cb81b3fe05625f0e3bf09d6fe6fe0dbd2387bea4cd9b
fintopic:92,fintopic,"$SPY $SPX $ES_F $3813-$3815 key spot to break over for bulls, under $3800 is bear side...     https://t.co/Gln3xs5x22",stock commentary,fin_topics,0,117,63,63,0.6974,0.4423,ec9fcc077631cda7d1c677aec97ce469ea4b91ab323b901bff99417ec0af5b41
fintopic:93,fintopic,"$SPY july 11 $388C 25 cons .30 entry RISKIER, I’m looking for big play here. RED TO GREEN POSSIBLE ON $SPY $AAPL $MSFT etc… i think all tech can go green. 🚨",stock commentary,fin_topics,0,156,63,63,0.6502,0.4423,aeaab78f5f401fae33cd4947449c130dc7a512a9008da04dd42dc35118e0e07d
fintopic:94,fintopic,"BLACKROCK IS SLOWING DOWN HIRING FOR SOME ROLES AT THE FIRM, WITH LEADERSHIP CITING ECONOMIC UNCERTAINTY - INSIDER",company or product news,fin_topics,0,114,63,63,0.7207,0.4453,59febb0857f80c51f099c5f099755b44543b56b73b755a107475d456991a9ace
fintopic:95,fintopic,"A US inflation report rattled global financial markets, boosting bets the Fed could get more aggressive with its belt-tightening campaign.  In a session of unnerving swings, the S&amp;P 500 failed to stay in the green after a sharp reversal from a 1.6% slide  https://t.co/xKcPzbNwvx  https://t.co/6UPbFnspPR",markets,fin_topics,1,308,63,63,0.6875,0.4944,29a59e526dfa1470a06bb6634f047932ec3e95dab4d61ff677e602007db5eb36
fintopic:96,fintopic,"Porsche is pitching its IPO as a chance to invest in a company that combines the best of carmaking rivals like Ferrari and luxury brands such as Louis Vuitton. The problem is, not all investors are buying it  https://t.co/mPQ3EzfmCF",ipo,fin_topics,1,232,63,63,0.6489,0.4657,f0d492eb0132a61db5ac8485f03ddd6d5dcf2caa908a72bdbf260b884fd3d97a
fintopic:97,fintopic,China’s biggest oil company says its first-half profits jumped 50% to 60% from a year ago amid a surge in global energy prices  https://t.co/lnUGFPIe2K,macro,fin_topics,0,151,63,63,0.6056,0.4822,9a13238210866429e55606da265486f82c14a254432b69d69599832416f087bb
fintopic:98,fintopic,"@sadekobaid Yeah, I think it's still OK here. With a stop at $34",stock commentary,fin_topics,0,64,63,63,0.7029,0.4549,1b2c106955c0dfbd726f0d5a59d4c404e31516a4e0482290495331e8c2ab404e
fintopic:99,fintopic,$FIGS - Figs stock falls after Goldman Sachs downgrades to ‘Sell’  https://t.co/Zj9fIdy96s,analyst update,fin_topics,0,90,63,63,0.6524,0.4378,2db98783a40130426a001809a1ad4729cae304d3c89dd059fb20976b7a7e27bc
fintopic:100,fintopic,"$IPHA $SNY - Innate stock rises as Sanofi progress on 2nd cancer drug compound, pay €3M  https://t.co/SZcZWGUUPg",stock movement,fin_topics,0,112,63,63,0.7022,0.411,150b92df7cab1766249ca4c7a2d66558b78332b19a72f27dc6b06416b72f898b
fintopic:101,fintopic,Versa SASE Earns Zero Trust Security Excellence Award  https://t.co/ycw63rm9gD  https://t.co/pDI23owsLa,company or product news,fin_topics,0,103,63,63,0.7207,0.4404,0451956daa97cf8f2416c2e92322e51b43ff4cdab343d27970d3352a54a798ee
fintopic:102,fintopic,"Pecan AI Announces One-Click Data Science Model Deployment, Integration with Core Business Systems, and Automated Live Model Monitoring  https://t.co/l6oAs1Zy0x  https://t.co/6buxkBrzdn",company or product news,fin_topics,0,185,63,63,0.7207,0.4406,a27f786aa0670059e39a7ba5a54b81136cb9c320b00384e57cc54c76722b4602
fintopic:103,fintopic,$DDOG: Datadog: Rackspace Technology (RXT) announces GOLD partnership with Datadog to diagnose problems in...  https://t.co/PFf1dkuqEA,company or product news,fin_topics,0,134,63,63,0.7207,0.4406,f14681e5c4a7f1cc7c1d2a9ca895df1844c1821ac92e2e83136d4cfe773dde5e
fintopic:104,fintopic,"$ACN - Accenture to acquire Eclipse Automation, terms not disclosed  https://t.co/s6UcjWC1oz",m&a or investments,fin_topics,0,92,63,63,0.6876,0.4531,0464c3c6c3f36ee5690cb2291d319a6a3e2ca79404ec39d68384d6d63ffe1699
fintopic:105,fintopic,"Russia’s oil exports rose back above $20 billion in June despite lower shipments abroad because of a rally in energy prices, according to the International Energy Agency  https://t.co/MmgiUwzMZx",energy or oil,fin_topics,0,194,63,63,0.7006,0.463,0647339c6d2f938cfd71b4ee15da7f6007e2df713a75af31e3853c02b98a7279
fintopic:106,fintopic,"ROSEN, THE FIRST FILING FIRM, Encourages Missfresh Limited Investors to Secure Counsel Before Important Deadline in Securities Class Action Commenced by the Firm – MF  https://t.co/hb3zCLzJ3S  https://t.co/MtwwdzJNLE",legal or regulation,fin_topics,0,216,63,63,0.7433,0.4812,ccb1b90e3b610f173cddee88bc7bf93cb1d67fb263195b561490f485ad3c5891
fintopic:107,fintopic,$EXTR: Extreme Networks shares +11% after Rosenblatt initiated with a Buy rating this morning  https://t.co/bRykHASZ1Q,stock movement,fin_topics,0,118,63,63,0.7076,0.4085,53a5e4c31882f9e419f4813ddb72dc74090dfcae34dd519e5c2d2dffe73f4e4e
fintopic:108,fintopic,@MarketMover5 Real estate market and stock market falling soon.,markets,fin_topics,0,63,63,63,0.6875,0.4944,6b77290fc213ebcf3412a4f413aadeb0f42462cfda37c0a7bf3fd91ea2c3c78a
fintopic:109,fintopic,"$HTGM $SWVL $DMTK - DMTK, EOSE and HTGM among mid-day movers  https://t.co/cOKVubnNCn",stock commentary,fin_topics,0,85,63,63,0.7029,0.4423,7356b087d3292dad0f711b6d32118b98576aceb92cec890a6ae4112d06648375
fintopic:110,fintopic,Bank of America posts drop in quarterly profit as dealmaking slumps  https://t.co/yXxXi1Oppo  https://t.co/ssKjLDKGk4,financials,fin_topics,0,117,63,63,0.7118,0.5083,3ba3173554b349b721cda4ec17912765495930a12d02e237a3bd191abda0331f
fintopic:111,fintopic,"SPY, QQQ note the strong supportive action of the 8/21-MA into these dips, this is healthy",stock commentary,fin_topics,0,90,63,63,0.6502,0.4423,ae7fde4415ed255897ae36721a5a164d5e40d009094581ed9e33fae135c87aeb
fintopic:112,fintopic,$AMTB $ALSN $VZ $BAESY $VLTA,stock commentary,fin_topics,0,28,63,63,0.7029,0.4423,5faef2023dc44da10ee24ad75860f34b49dc93be256c1c10e990846ec17419bc
fintopic:113,fintopic,Omaha National Surpasses $150 Million in In-Force Premium  https://t.co/0oLLNiodgb  https://t.co/E4ykVn5680,company or product news,fin_topics,0,107,63,63,0.7207,0.4397,832998108effa5e810d4d877a2bcd4ef54397569e604b8475388d4522596b7d5
fintopic:114,fintopic,South African Labour Minister Thulas Nxesi wants to add as many as 2 million new jobs before the next elections as the nation grapples with one of the highest unemployment rates in the world  https://t.co/4QIstYjIsL,macro,fin_topics,0,215,63,63,0.6056,0.4813,10c59cd79538549143ef9aa9fba0c8124b88ff9dea37f3c656b0578301018578
fintopic:115,fintopic,Asia-Pacific markets mixed after Bank of Japan keeps rates on hold  https://t.co/H6pieEnlLk,markets,fin_topics,1,91,63,63,0.6875,0.4944,d1f960774bc55a7a5396738aff7de3819895dc862cb38041b8e89a00b7e751f5
fintopic:116,fintopic,Indonesia will waive its palm oil export levy until the end of August in a fresh attempt to boost shipments and reduce its overflowing stockpiles  https://t.co/2rpfU6JRqP,macro,fin_topics,0,170,63,63,0.6056,0.4813,2daffc096fb37f837be1bcb740ce504cc9804d8ca707bed474869df190aa86c9
fintopic:117,fintopic,"""Hasta la vista, baby.""  UK Prime Minister Boris Johnson held his last PMQs Wednesday, leaving whoever becomes his successor with words of advice  https://t.co/LQGGCIld5e  https://t.co/WKU5ibzI94",politics,fin_topics,0,195,63,63,0.7084,0.5045,51959362bee44cf3cf07823626cad2d82ab8597bc38b5ac92926a2d430147933
fintopic:118,fintopic,"The outlook for Myanmar’s economy remains weak as surging inflation, dollar shortages and lingering domestic conflict pose challenges to its pandemic recovery, according to the World Bank  https://t.co/y3g0uL58wM",macro,fin_topics,0,212,63,63,0.6056,0.4813,70cfc49a20f16e16bd25bbdc56e3eff53fbac438f84a725d2444b29363674b1c
fintopic:119,fintopic,$PFE $MRNA $NVAX - Anthony Fauci says he will retire at end of Biden's current term - Politico  https://t.co/XAmthsHNMh,politics,fin_topics,0,119,63,63,0.7084,0.5045,4f61e77ee8c99a07551a7d44d37d00204d308e26c8558eaffd3f420217c142da
fintopic:120,fintopic,"A program at the center of a $34 million contract fight between New Jersey and its health insurer delivered no apparent savings, one reason why the state's health-care expenses are spiking  https://t.co/rz0pUZHARH",general news or opinion,fin_topics,0,213,63,63,0.7219,0.4792,44b7c721300d0679aac164cfc621dc4d3dd10c9f90468fef7e6e7434c670cb69
fintopic:121,fintopic,UK ministers will hold an emergency Cobra meeting on Saturday after meteorologists warned of record high temperatures in England that could put lives at risk  https://t.co/ZS04dqV8wt,politics,fin_topics,0,182,63,63,0.7084,0.5045,ce07353c7f43e9bf4ffd904af0f8773f8bc5dcb5dc0bc1cb95c8c86198d7b21f
fintopic:122,fintopic,"Vehicle related cost changes YOY from June CPI report:  Motor fuel: +60.2% Motor oil, coolant, and fluids: +18.7% Tires: +15.4% New cars: +12.5% New trucks: +11.1% Used cars and trucks: +7.1%",macro,fin_topics,0,191,63,63,0.6056,0.4822,566ad6f5bb33e7c11cc96c57fcd1e2cfdbc901db2337e9e0839c2caf08bf7c73
fintopic:123,fintopic, https://t.co/G0nmNITjcy is cutting 25% of its workforce amid the crypto bear market,company or product news,fin_topics,0,84,63,63,0.7207,0.4408,26fe225c5535225655ce357200d7402d9df4db59ed68c62b0e04ac0766ad0190
fintopic:124,fintopic,China’s imports of edible oils plunge on weak demand from the restaurant industry as the impact of Covid lockdowns lingers  https://t.co/eil4wQ64aO,macro,fin_topics,0,147,63,63,0.6056,0.4811,637ba27756e63adadf4219f49cb0558bfd13c172cff038b51deb968ca8bd9ed3
fintopic:125,fintopic,TESLA CEO MUSK: THERE IS POTENTIAL FOR RECORD-BREAKING H2 OUTPUT  TESLA CEO MUSK: TESLA'S CYBERTRUCK ON TRACK TO DEBUT IN 2023,company or product news,fin_topics,0,126,63,63,0.7207,0.4404,3d0234bac3dee2c3d4e62ed362dc05e7b53260b6fc83fba3eb4f619c296b7805
fintopic:126,fintopic,"$LXRX - Lexicon Pharmaceuticals: Encouraging Signs Of Efficacy In Pain, But Still Looking For A Clear Win.  https://t.co/nKLlQcFM2F #trading #economy #investing",stock commentary,fin_topics,0,160,63,63,0.7022,0.4423,c375e1e8a90178f690309f8f8c860215aa0faba2cebab2f9ae2a4329a341d6e9
fintopic:127,fintopic,Trump's draws less from his army of donors in a period in which Jan. 6 hearings took place  https://t.co/qa6J1qV5K4,politics,fin_topics,0,115,63,63,0.6818,0.5045,a20fbd1d6e79672afa9387aeb2ceab29f9df13bb96b438d0fc1978518e4b1606
fintopic:128,fintopic,Mitsubishi is bolstering its commodity trade-finance business following Russia’s invasion of Ukraine  https://t.co/mliWn5zUrX,company or product news,fin_topics,0,125,63,63,0.7207,0.4397,e6cb2c50fb5401ea10099e89b69b32030237c2386dea6b5e018a150472c14f50
fintopic:129,fintopic,Barnes Joins the Ellen MacArthur Foundation’s Global Network  https://t.co/gEylTOBo3q  https://t.co/8m6HGVLhip,personnel change,fin_topics,0,110,63,63,0.661,0.4628,742c3d4ae56c6324a66bb4f2b44371c17829750e90fc88d647a000740d5242e7
fintopic:130,fintopic,$SWK - Stanley Black &amp; Decker: A Dividend King On Sale.  https://t.co/Z7BsHiZf2m #finance #stocks #business,stock commentary,fin_topics,0,111,63,63,0.6974,0.4423,4703ffee10736abdb7656644bf0622fe8e5eac3eda646d18e64b282e5cb0e425
fintopic:131,fintopic,Midstream/MLPs: Free Cash Flow Powerhouse.  https://t.co/bSXVwIimg6 #stockmarket #economy #stocks,stock commentary,fin_topics,0,97,63,63,0.7029,0.4455,9766ab565d37b2ad619874dc88dd418e185edcc0454440c7d6723156cd804cc7
fintopic:132,fintopic,U.S. SEC set to rescind Trump-era curbs on shareholder advisers - Reuters   https://t.co/Zmezg2FYd1,legal or regulation,fin_topics,0,99,63,63,0.7433,0.4812,5f06bdf337638efce27dac5b78ae95f06aa33cfd91a0334bc6c4b667de4d3ecc
fintopic:133,fintopic,"The Secret Service may have violated the Federal Records Act by not preserving text messages of 24 employees from the day before and during the US Capitol attack, leaders of the House Jan. 6 panel said  https://t.co/TZuwVcIA2x",general news or opinion,fin_topics,0,226,63,63,0.7219,0.4764,4557cf8cd79cdb9e45e32879afc59ec9f7c8242e2d7e1509d0857d1445a85b9b
fintopic:134,fintopic,$DCT - Duck Creek Technologies: Why I Am Ducking Out.  https://t.co/4BYWSe1eoB #markets #stocks #investing,stock commentary,fin_topics,0,106,63,63,0.7029,0.4423,8419346253550a41fc029afcf6239def20703e7a9c77d3baa75a3fc7c85bbf3c
fintopic:135,fintopic,"$PROK - ProKidney goes public through merger with SPAC Social Capital Suvretta, stock slides 7%  https://t.co/I8hvEUiLW1",stock movement,fin_topics,0,120,63,63,0.7076,0.4085,708c242fbc4acd40d3342635ea71a4d4b31afe27b87d24716ccc61eb6ffc9d2e
fintopic:136,fintopic,Tasly Pharmaceuticals and Mauna Kea Technologies Announce Joint Venture and Licensing Agreements  https://t.co/TTI9Dbp03m,company or product news,fin_topics,0,121,63,63,0.7207,0.4404,5b5923db522681c4931871c50134b02a22ebbb1767ed980f0f9aa0e1f94a8e93
fintopic:137,fintopic,Impulse Space and Relativity Space Announce First Commercial Mission to Mars  https://t.co/UADh5aP5q0  https://t.co/4cMhKy9HPm,company or product news,fin_topics,0,126,63,63,0.7207,0.4406,64db4770a3d090381ab07f06780ee2fb06be98f5fd5b21ba75b8339f72d0348f
fintopic:138,fintopic,"$NVTA - Invitae slumps 17%, rating remained cut by SVB Securities and Benchmark  https://t.co/67nacxLncz",stock movement,fin_topics,0,104,63,63,0.7022,0.4085,4c47eef7b6bb5a7ccabd023e9c09b22e6e3fceb92845dbc9f2c3ec1da7567b5a
fintopic:139,fintopic,"Coming this fall: Hasbro will put your likeness on a 6-inch action figure for $60.   Characters include Black Panther and Black Widow, Star Wars X-Wing pilots and Stormtroopers, plus Ghostbusters, Power Rangers and G.I. Joe heroes. Here's how it works.  https://t.co/oNazO9qQku",company or product news,fin_topics,0,277,63,63,0.7207,0.4397,e67c6323e2e02004765905d5163c78a3b274d0ded12765134452618af6b90024
fintopic:140,fintopic,@MarkBCars A very normal move for a volatile stock building a base.  https://t.co/R5yoKBGS8b,stock commentary,fin_topics,0,92,63,63,0.6502,0.4423,ee054bb552a674a6f7ce25d400c4a97dbc9444a239e982f43be534f64900916a
fintopic:141,fintopic,$ORKLY $ORKLF - Orkla ASA 2022 Q2 - Results - Earnings Call Presentation.  https://t.co/2oKc2H1myf #markets #trading #economy,earnings,fin_topics,1,125,63,63,0.7253,0.5025,d6d707f19de4ab54f10f3653b4f8fb19004bd3ab25ad6f8fd10ddc09d9ea24ef
fintopic:142,fintopic,#OOTT | US Baker Hughes Rig Count 15-Jul: 756 (prev 752)  - Rotary Gas Rigs: 153 (prev 153)  - Rotary Oil Rigs: 599 (est 599; prev 597),energy or oil,fin_topics,0,135,63,63,0.7006,0.463,1165ced438fa4adc32c22ed73350c0c8d972ab6d4ed5940a6e683804e9674603
fintopic:143,fintopic,"How is the Fed working to fight inflation? @MaryDalyEcon discusses w/ @newsy: “What we're doing...is raising the interest rate to help get those price increases down so that inflation is more like 2%—as opposed to 9.1%, which was the most recent number...""  https://t.co/B6LF1boNwm",fed or central banks,fin_topics,0,281,63,63,0.6953,0.4285,6b8e05040e63c11104ca0483cb697aae51e220473c7b0ee188ab0424bd31e060
fintopic:144,fintopic,Hypertruck Innovation Council Member Ruan Places Hypertruck ERX™ Order  https://t.co/aXZJCBtesT  https://t.co/Ig6kdEFO8p,company or product news,fin_topics,0,120,63,63,0.7207,0.4404,0518431d85bd22e34c68ce9e9f2bfc778014449765968b0c996ebea1f45f7947
fintopic:145,fintopic,"Bloom Energy Celebrates Grand Opening of Fremont Multi-Gigawatt Factory, Adding Hundreds of New Clean Energy Jobs  https://t.co/60DGfgGSQ2  https://t.co/BoFgseNYvt",company or product news,fin_topics,0,163,63,63,0.7207,0.4406,e34dc38374d389170b2dfe8163becfaea020b6f94ad7de939a65c75230452584
fintopic:146,fintopic,Fresh Fines For Tech Giants: Another Regulatory Storm Or Just A Flurry?.  https://t.co/8G9fBTBXEi #economy #investing #trading,legal or regulation,fin_topics,0,126,63,63,0.7433,0.4812,19bb72f7d4add731455597d8d2646cc465c7b31d1f1f40c6e2142f1d0822a43f
fintopic:147,fintopic,Two New York state residents were charged in a $27 million fraud in which they allegedly raised money from foreign nationals for phony investments by claiming they had access to politicians like then-president Donald Trump  https://t.co/O4qdhXGbVX,legal or regulation,fin_topics,0,247,63,63,0.7433,0.4812,0bc660ee375427398be217c86c1b38bfcdc23e0f9ce3ebd5f2c6c552cc23bd23
fintopic:148,fintopic,"WATCH: U.S. retail sales of chocolate have been ‘off and down’ 2% to 3% the last couple of months, according to Hershey vice president Melisa Poole, amid rising prices  https://t.co/f3Gc1ucQAX",macro,fin_topics,0,192,63,63,0.6056,0.4813,ebcd3c3b39ae18e14f316a6c2d6a651d9899f534947a3cbc8d733c26628dff94
fintopic:149,fintopic,"Copper supply shortages will be so ""unprecedented and untenable"" in coming years that it could derail the global shift away from fossil fuels, S&amp;P Global says (via @climate)  https://t.co/sE4TuEGdva",energy or oil,fin_topics,0,202,63,63,0.6396,0.463,7fb48778e3ea076f4eb25747bae2ef57727286b919f19d25d25b03fde0c1e716
fintopic:150,fintopic,The days when investors had to shell out thousands of dollars to buy a single share of some of the world's biggest tech companies are gone  https://t.co/zhK7CalVvK,general news or opinion,fin_topics,0,163,63,63,0.7219,0.4792,3dfe488db63cf644172d569e07717194462e4141b4217ac10ef32e3dc67f8821
fintopic:151,fintopic,TextExpander Raises $41.4 Million to Accelerate Automation and Boost Team Productivity in the Enterprise  https://t.co/KVPBO2pGh2  https://t.co/LnwUqgGG3E,company or product news,fin_topics,0,154,63,63,0.7207,0.4404,00de495714bc2c21c8ad8b3268fd3086d59ee75903d7032af41906a1b22499ed
fintopic:152,fintopic,"Starting August 23, the cost of an ESPN+ subscription will jump to $9.99 a month from $6.99  https://t.co/PfVwXDmkBa  https://t.co/VWsRJ54eVi",company or product news,fin_topics,0,141,63,63,0.7207,0.4404,9d6db02d6df4d4a898b825615220a2b7f32450a2cda06c4c38254f7ed3e96f3b
fintopic:153,fintopic,Summit Materials Announces Second Quarter 2022 Results Conference Call Date  https://t.co/mmsESXFyXL  https://t.co/r1BO3kIXr2,earnings,fin_topics,0,125,63,63,0.7253,0.5025,23d30a27f14602d898930ff21e2f166bd41daea2e725af84087025b131e4c062
fintopic:154,fintopic,"German households and industries should brace for an “enormous wave” of higher energy prices that will begin to hit bills next year, utility Uniper warns  https://t.co/GxYrhsCjQ1",macro,fin_topics,0,178,63,63,0.6056,0.4813,487e242b4a2af13c825f877fa7dce63ffe19ac29df0e5607cb8d3c433ab72bbf
fintopic:155,fintopic,$WIRES: On The Wires  https://t.co/XdnJpBiqmS,stock commentary,fin_topics,0,45,63,63,0.7029,0.4423,41ed55747595c12ebc1c8ed613eaa2452d4d451e6619869044dbb6f51001f094
fintopic:156,fintopic,"RUSSIAN GAS FLOWS VIA THE NORD STREAM 1 PIPELINE ARE LIKELY TO RESTART ON THURSDAY AT 5.00BST, 12.00A EDT, CEST 6.00, IST 9.30",energy or oil,fin_topics,0,126,63,63,0.7006,0.463,f5f174f81a9a47a0ea7e8db2320f29e494ef88dc595cf996945b04aa042c3bac
fintopic:157,fintopic,Moleaer Expands Nanobubble Generator Portfolio with the Introduction of Lotus™ for Agriculture and Horticulture  https://t.co/NOwHQzoR2R  https://t.co/DBQLmEx37q,company or product news,fin_topics,0,161,63,63,0.7207,0.4453,e490a60ad6a3a9ad13863211e005d8c694693f75f37abf9fcffa7c1057a4c835
fintopic:158,fintopic,"BWX Technologies to Announce Second Quarter 2022 Results on Monday, August 8  https://t.co/sEZtok4oYz  https://t.co/afDexstyZM",earnings,fin_topics,0,126,63,63,0.7253,0.5025,e5f513bb76ced5ddcded4849e57dd7939c46bc7b87b0987e94327a5005804edb
fintopic:159,fintopic,"WEEKLY $SPY CHART   20 (R), 30 (B), 40 (G) week MAs in steep decline = guilty til proven innocent  350ish seems inevitable, it is location of - 200WK MA (black) - ⚓️VWAP 2018 low - 50% retrace Covid low to ATH  https://t.co/ro8rZjGYs4",stock commentary,fin_topics,0,234,63,63,0.6974,0.4423,d7205c2eff2626f2260ad61e7ccfb9358b9ebb811d6916da8d621fde0ed2dca1
fintopic:160,fintopic,"$HLN.WI - Haleon CEO says brand recognition, gross margins will drive growth - CNBC  https://t.co/vGq38UC6PT",company or product news,fin_topics,0,108,63,63,0.7207,0.4397,1aa2c9455267caeaa537697f60d7cf2edfe8ad1733e20c38dd4a83c3fe0b7344
fintopic:161,fintopic,$SPLV - Invesco S&amp;P 500 Low Volatility ETF declares monthly distribution of $0.1130  https://t.co/csVAZte8au,dividend,fin_topics,0,112,63,63,0.6775,0.4782,7c14cba67a2f64d4e51847b786de0200ac190aaea21fc21f4715ddd3c8a9c2e9
fintopic:162,fintopic,These are the worst airports in Europe for delays right now  https://t.co/ZEGSi9CBzx  https://t.co/QO9cPNxotR,general news or opinion,fin_topics,0,109,63,63,0.7219,0.4792,6e9f7783107f85c0d1438238f213fd88b5e4f5a9f56fc1895b3eea9fc8709f54
fintopic:163,fintopic,"Just Eat may eliminate 350 jobs in France due to “difficult market dynamics” in the country, the latest delivery company to announce cuts as the industry grapples with slowing growth  https://t.co/DIS2amy9uI",company or product news,fin_topics,0,207,63,63,0.7207,0.4408,2f098782e2aed5c343acb7821d139d0ae0bc60484570a12f3267f28c766c9168
fintopic:164,fintopic,"$LAD - Lithia Motors Non-GAAP EPS of $12.18 beats by $0.04, revenue of $7.24B beats by $20M  https://t.co/Ovb71iZkID",financials,fin_topics,0,116,63,63,0.7118,0.5083,8c9870bf97dbd63a5f004a545eb6d9e0730b02af043fb79d0fafd47edc4c5ea8
fintopic:165,fintopic,"Publix Opens New Store in Yulee, South Carolina  https://t.co/0iEgu2evau",company or product news,fin_topics,0,72,63,63,0.7207,0.4404,37331411153efaf02f5447820ee65d5764cd0c6fded18bfb6d9dff8a379ffb1a
fintopic:166,fintopic,Nordic insurer Tryg says long-haul travel more popular than pre-pandemic  https://t.co/ig4mBQRj56  https://t.co/2nEdALCTga,general news or opinion,fin_topics,0,122,63,63,0.7219,0.4792,6fdeb3cfb231be09b0a58586cde57a89b70e620b7455f1838e8182be4dcaef12
fintopic:167,fintopic,"President Biden is confident he will make progress with Saudi and other Gulf leaders on guaranteeing a “sustainable” level of energy production from the region, his top national security aide says  https://t.co/82z5Edf7Hg",politics,fin_topics,0,221,63,63,0.7084,0.5045,bb96dc6fec930e3beb89f7173cf1dfb82d3e891ab4d5426298e03b49e0f164f8
fintopic:168,fintopic,$JACK - Jack in the Box's Future Looks Promising: The Stock Is A Buy.  https://t.co/as0F87o7zO #stockmarket #finance #trading,stock commentary,fin_topics,0,125,63,63,0.7029,0.4423,453d9d2a810bf9fc6e509ba451377108c626347a38b2c1c67032ddb7c0ad0e59
fintopic:169,fintopic,$VERV - Verve adds 20% most in a year to reach four-month high  https://t.co/AaTlKF1VBQ,stock movement,fin_topics,0,87,63,63,0.7076,0.4085,eeafecce5b2b84d2672747c6d31e0c008236a31329b6b4a496cfd5af2ad5a757
fintopic:170,fintopic,"@ManijehM national average fell 3.5c/gal to $4.567 per gallon, a 47 cent drop in the last 31 days, one of the largest monthly declines on record.  So, pretty much already seen massive declines",energy or oil,fin_topics,0,192,63,63,0.7006,0.463,933b8162950d3a85e6cd9c9b1b058d85555d75592aa19df5d547271b5ca368db
fintopic:171,fintopic,$HARL - Harleysville Savings Financial declares $0.29 dividend  https://t.co/OPnse9wV4y,dividend,fin_topics,1,87,63,63,0.6775,0.4782,6250163d1072e6fd2b9426141d590f9a9b17b56601cf3ca9816120a67a525a42
fintopic:172,fintopic,Paysafe wins ‘Payment Innovation’ Award at 2022 SBC Awards North America  https://t.co/ZjqCCOSlNX  https://t.co/FjGzNvoLMQ,company or product news,fin_topics,0,122,63,63,0.7207,0.4397,21eb563b6be86bc22becaf840853d306e9a3771a864e1fe3f879b5b07e7bf1fe
fintopic:173,fintopic,Abiomed First Quarter Fiscal 2023 Earnings and Conference Call Notification  https://t.co/sGY1scVRAN  https://t.co/pgts3ngqUc,earnings,fin_topics,1,125,63,63,0.7253,0.5025,79da5629b9cb921c0b5bc89620767721e49fa4e062c0bb72744eca63017cc367
fintopic:174,fintopic,The Auto Industry Is Likely To Grow In Units But Decline In Enterprise Value.  https://t.co/T7gP2JTuaa #markets #trading #investing,macro,fin_topics,0,131,63,63,0.6056,0.4836,4ef72a84d22af1717f33e175e30f2070f085b930e6304e5e32bc8039ebcd3ff6
fintopic:175,fintopic,"$TGT - Target: Likely Bottomed In June, As The Market Is Forward-Looking.  https://t.co/AJr4N19C0H #economy #stocks #markets",stock commentary,fin_topics,0,124,63,63,0.6502,0.4423,3fcc7a49312a590721661c1b6db54357a28459768168f0b3796b240e7716bfd3
fintopic:176,fintopic,$BKD - Brookdale reports 76.6% month-end occupancy in June  https://t.co/5Sdza18Xz1,company or product news,fin_topics,0,83,63,63,0.7207,0.4397,09022f81cf133dd4bd7bf80499948866705378fb18f1423b6c84412b4b0ebf19
fintopic:177,fintopic,"$BLU - RBC Capital Markets reiterates outperform rating, ups price target on BELLUS Health  https://t.co/WzoxMNVSR1",analyst update,fin_topics,0,115,63,63,0.6524,0.459,cf66b8a9c7149c8d9cc05a16691f5d22ec09f21a4bbc79a4c0a84327302051c3
fintopic:178,fintopic,$ACDVF $CGJTF - Air Canada stock presents ‘attractive buying opportunity’ after recent slide - Canaccord Genuity  https://t.co/kedmQUOYoD,analyst update,fin_topics,0,137,63,63,0.6524,0.459,bc7744ff00f0ae81cfc7793efab8bfc9a50a49332fa0fea0e936621200d18ec4
fintopic:179,fintopic,PACIFIC LEADERS TO DISCUSS CHINA’S SECURITY PITCH - AFR,macro,fin_topics,0,55,63,63,0.6056,0.4845,10fe7bf4de09fa4576207c97b1dfad4ee24888b8a97c49d7f06e6c958bd778ee
fintopic:180,fintopic,Canada’s export credit agency is targeting a 15% cut to its financing portfolio for upstream oil and gas production by 2030  https://t.co/MriBBkZHmT,fed or central banks,fin_topics,0,148,63,63,0.6953,0.4285,2c7c5478362d4ca518cb6a95251d4a3f886de939ddaed323a6f2c7b43eca0239
fintopic:181,fintopic,$NIO looks strong,stock commentary,fin_topics,0,17,63,63,0.7029,0.4423,1d30e6a0eb5bf1a3ffb0c1f66c1865d044df460850c5d2f3e89e55c79258bd68
fintopic:182,fintopic,Chinese authorities hold emergency meetings with banks after growing alarmed that an increasing number of homebuyers across the country are refusing to pay mortgages on stalled projects  https://t.co/WLMjlBrq5m,macro,fin_topics,0,210,63,63,0.6056,0.4813,eebc07c82a57351845c15dfc8cf9352ab910ff7ddad66a528685e7c19890f2a2
fintopic:183,fintopic,The best restaurant in the world is located in a football stadium  https://t.co/DqLhVR0R5J,general news or opinion,fin_topics,0,90,63,63,0.7219,0.4792,7dbcc0cbf29b25ade457df53731f097ee567e1201c8116b8671b675e4d9c90ec
fintopic:184,fintopic,Americans over 75 are the only part of the US workforce projected to grow over the next decade  https://t.co/PJ8wuLtDIh,macro,fin_topics,0,119,63,63,0.6056,0.4813,c175293280198ded612f2b2c1bcdc12b1c10c55021d8f21cbee55320aef8c393
fintopic:185,fintopic,Macquarie Asset Management Announces Agreement to Invest in Brazilian Port Terminal Operator CLI  https://t.co/I7SDCMkTtr  https://t.co/W9ULkdxB0C,m&a or investments,fin_topics,0,146,63,63,0.6876,0.4531,18b6f87dc6c8cea595dc135873c685d3cd036eeac51a47f4f7c616cfb2f7b6bf
fintopic:186,fintopic,$VFF: Village Farms: CBDistillery announces groundbreaking research finding CBG + CBD can significantly reduce...  https://t.co/FoimPBjCjU,company or product news,fin_topics,0,138,63,63,0.7207,0.4406,c5f3e2320f55b2126c4a46ef0bc1598fee22dfb6c187c7289d765a4869768d35
fintopic:187,fintopic,Nearly half of Republican voters say they would cast a ballot for someone other than Donald Trump in the 2024 election  https://t.co/DuEpJlItwc,politics,fin_topics,0,143,63,63,0.7084,0.5045,c5c7833da8146b2b8062dcb5ede8a4bb177a5e2a656b070d5c3687f47d718492
fintopic:188,fintopic,Failure to implement Russian oil price cap could jack up oil prices -U.S. official   https://t.co/tjIyeakcbK,energy or oil,fin_topics,0,108,63,63,0.7006,0.463,b8033c86bbb865ed3ef2be26a6e0332a67e597bc27363802daa5c92ae2a8d118
fintopic:189,fintopic,NW Natural Holdings Announces Dividend  https://t.co/vCfK7T2rKj  https://t.co/HB5hD98D1I,dividend,fin_topics,1,88,63,63,0.6775,0.4801,b9a0365f4d07705c65e9dae788e74d111de8a8e3158bd1aca1713127c1ee7945
fintopic:190,fintopic,Trump's draws less from his army of donors in a period in which Jan. 6 hearings took place  https://t.co/LrMZ6IFixK,politics,fin_topics,0,115,63,63,0.6818,0.5045,e5ce15fc6ef79919776a06853b97ec3e6d8fc6afec275b43103c7379836696da
fintopic:191,fintopic,"The First Bancshares, Inc. to Announce Second Quarter 2022 Financial Results and Host Conference Call  https://t.co/VWeukA0x6q  https://t.co/DJRYjbnr82",earnings,fin_topics,0,151,63,63,0.7253,0.5025,d21b66ac9e28b35c68e54da69728c98557f0716f59fb1be3464301448d4c6ff0
fintopic:192,fintopic,"CEOs who live within a few miles of their office can improve the performance of their company, according to new research (via @citylab)  https://t.co/Vkt4TpyqJX",general news or opinion,fin_topics,0,160,63,63,0.7219,0.4792,0fe7e41e24c649a3870a4f47dd126bf99005c6ffdba03226a1c6bb2b4ae04c29
fintopic:193,fintopic,"The UK government proposes pay rises for doctors and police below the inflation rate, risking a series of strikes amid workforce unrest over a growing cost-of-living crisis  https://t.co/nw6x4Ck4qv",macro,fin_topics,0,197,63,63,0.6056,0.4813,92c4227bc8c08ad11eda47226e40df4eab9841d21b8e8bb77576212d83f7b225
fintopic:194,fintopic,$AAPL - Apple: Music Needs To Be Louder.  https://t.co/r1IEfUj0ot #stocks #trading #finance,company or product news,fin_topics,0,91,63,63,0.7207,0.4406,8df1f2e385c4f26b37514ad19199cf4dbd2359f97a72c7a79d4785798f63fafb
fintopic:195,fintopic,A JPMorgan gold trader turned whistleblower lied to authorities about gold and silver price manipulation  https://t.co/CIolk3ef8e,legal or regulation,fin_topics,0,129,63,63,0.7433,0.4812,975ee3dc6f09a03420ae6822cd3908914c264eda4284be3fdef540276ba87665
fintopic:196,fintopic,"Grocery prices were up 12% in June — the largest yearly jump since 1979. @KristinaParts breaks down how much more we are paying for items like butter, eggs, coffee and more.  https://t.co/KBvXU3TY3D  https://t.co/mop0IeyHdX",macro,fin_topics,0,223,63,63,0.6056,0.4811,e17ca7a047281e3381119c00c52037b514d321ff36584d97781a46a45991842a
fintopic:197,fintopic,"CAVCO ALERT: Bragar Eagel &amp; Squire, P.C. is Investigating Cavco Industries, Inc. on Behalf of Cavco Stockholders and Encourages Investors to Contact the Firm  https://t.co/y8UPTI41H0",legal or regulation,fin_topics,0,186,63,63,0.7433,0.4812,518e091985a3aecc53f9cb2bf61e2c67fc49459e1dd0513abdd0acc9e4976880
fintopic:198,fintopic,"$JNJ | Johnson &amp; Johnson Q2 22 Earnings:  - Adj EPS: $2.59 (est $2.55)  - Sales: $24.02B (est $23.96B)  - R&amp;D Expenses: $3.70B, (est. $3.44B)  - Sees FY Adj EPS $10 To $10.10, Saw $10.15 To $10.35  - Strengthening US Dollar Impacting Adj EPS Outlook",earnings,fin_topics,1,257,63,63,0.7253,0.5025,6c0fe3c6429295aa7bc4c8ea84b1d7616b39493bf69154d0e98a21f542438816
fintopic:199,fintopic,Mongolia says Russia-China gas pipeline will break ground in 2024  https://t.co/yxigb1Q5S9,energy or oil,fin_topics,0,90,63,63,0.7006,0.463,122ede064c3cb8a96bf04e9111b4f8dbf8caa1b00da7f12c406a43913d158242
dbpedia:0,dbpedia,"Facelift is the debut studio album by the American rock band Alice in Chains. The album was released on August 21, 1990. The album was certified platinum and has gone on to be certified double-platinum by the RIAA for shipments of two million copies in the United States.",musical work,dbpedia_l2,0,271,63,63,0.8192,0.452,373141142c5b2c797244d09ef29ed53004e2ed842ad9eec1f202ff9b2230a791
dbpedia:1,dbpedia,"Andy Clark (born 1957) is a professor of philosophy and Chair in Logic and Metaphysics at the University of Edinburgh in Scotland. Before this, he was director of the Cognitive Science Program at Indiana University in Bloomington, Indiana and previously taught at Washington University in St. Louis, Missouri and the University of Sussex in England. Clark is one of the founding members of the CONTACT collaborative research project whose aim is to investigate the role environment plays in shaping the nature of conscious experience. Clark's papers and books deal with the philosophy of mind and he is considered a leading scientist in mind extension. He has also written extensively on connectionism, robotics and the role and nature of mental representation.",person,dbpedia_l2,0,761,63,63,0.6904,0.4924,9cefacc3e6f72cfc01642e81f4ab7c030f9ea9c5a85f14f6c7d9045679d9e184
dbpedia:2,dbpedia,"The 1919 Central Michigan Normalites football team represented Central Michigan Normal School, later renamed Central Michigan University, as an independent during the 1919 college football season. In their first and only season under head coach Garland Nevitt, the Central Michigan football team compiled a 2–2–3 record and were outscored by their opponents by a combined total of 89 to 88. The team's victories were against Ferris State (7–0) and Bay City Western High School (34–6), the losses were against the Michigan Agricultural frosh team (6–14) and Detroit City College (14–42), and the ties were with Saginaw East High School (13–13), Grand Rapids Junior College (7–7), and the 1919 Michigan State Normal Normalites football team (7–7). Coach Garland \""Chief\"" Nevitt was an alumnus of Carlisle Indian Industrial School where he played with Jim Thorpe.",sports team season,dbpedia_l2,0,861,63,63,0.8033,0.4082,f9a9c6e1b46aff1ed7948a181edfbaf97318a72d4189ec2b342083ca3f91ffe2
dbpedia:3,dbpedia,"Bassel al-Assad Stadium (Arabic: ملعب باسل الأسد‎‎) is a multi-use stadium located in the Syrian city of Homs, opened in 2000. It is mostly used for football matches and serves as a second venue for the football clubs of al-Karamah SC and al-Wathba SC. Located in the Baba Amr district of the city, the stadium is able to hold up to 25,000 spectators. It was renovated in 2010.",sport facility,dbpedia_l2,0,377,63,63,0.7592,0.4081,a5ed8a2b2e18ba8e7598c169c65c6e6b632d9da26fd8f6b3fdadb387c2fcecd4
dbpedia:4,dbpedia,"Meroles squamulosa is a species of African lizards originally placed in the genus Ichnotropis, however phylogenetic evidence moves this species to the genus Meroles. The species is commonly called common rough-scaled sand lizards and is largely found in southern Africa. These lizards are terrestrial and found in the range of mesic savannah. The common rough-scaled lizard is medium in size and well distributed in parts of Namibia, Botswana, Zimbabwe, Angola, Tanzania, and Zambia.",animal,dbpedia_l2,0,483,63,63,0.7241,0.461,2f02b1cca2753c8278780dcbe643e9c6af5a37291cdcb0a08bb147a26679e4c2
dbpedia:5,dbpedia,"Joan of Arc (French: Jeanne d'Arc, IPA: [ʒan daʁk]; 6 January c. 1412 – 30 May 1431), nicknamed \""The Maid of Orléans\"" (French: La Pucelle d'Orléans), is considered a heroine of France for her role during the Lancastrian phase of the Hundred Years' War, and was canonized as a Roman Catholic saint. Joan of Arc was born to Jacques d'Arc and Isabelle Romée, a peasant family, at Domrémy in north-east France. Joan said she received visions of the Archangel Michael, Saint Margaret, and Saint Catherine of Alexandria instructing her to support Charles VII and recover France from English domination late in the Hundred Years' War. The uncrowned King Charles VII sent Joan to the siege of Orléans as part of a relief mission. She gained prominence after the siege was lifted only nine days later. Several additional swift victories led to Charles VII's coronation at Reims. This long-awaited event boosted French morale and paved the way for the final French victory. On 23 May 1430, she was captured at Compiègne by the Burgundian faction, which was allied with the English. She was later handed over to the English and put on trial by the pro-English Bishop of Beauvais Pierre Cauchon on a variety of charges. After Cauchon declared her guilty she was burned at the stake on 30 May 1431, dying at about nineteen years of age. In 1456, an inquisitorial court authorized by Pope Callixtus III examined the trial, debunked the charges against her, pronounced her innocent, and declared her a martyr. In the 16th century she became a symbol of the Catholic League, and in 1803 she was declared a national symbol of France by the decision of Napoleon Bonaparte. She was beatified in 1909 and canonized in 1920. Joan of Arc is one of the nine secondary patron saints of France, along with St. Denis, St. Martin of Tours, St. Louis, St. Michael, St. Rémi, St. Petronilla, St. Radegund and Ste. Thérèse of Lisieux. Joan of Arc has remained a popular figure in literature, painting, sculpture, and other cultural works since the time of her death, and many famous writers, filmmakers and composers have created works about her. Cultural depictions of her have continued in films, theater, television, video games, music, and performances to this day.",cleric,dbpedia_l2,0,2241,63,63,0.6925,0.4778,fd53e6dd753e39a33df954c0c0f3a9bfb55439e0058b75f8147615c293b43984
dbpedia:6,dbpedia,"Matthew Lee \""Matt\"" Ford (born April 8, 1981) is an American former left-handed professional baseball pitcher. He played part of one season for the Milwaukee Brewers, and currently works as a coach in the Pittsburgh Pirates organization.",athlete,dbpedia_l2,0,238,63,63,0.7476,0.4374,931b5639f393a2ab841eb73838c2c1678623f5f157c517fefd603c7c12e8a9a2
dbpedia:7,dbpedia,"Demosthenes Konstandies \""Dee\"" Andrecopoulos (October 17, 1924 – October 22, 2003) was an American football player, coach, and college athletics administrator. He was the head football coach at the University of Idaho from 1962 to 1964 and at Oregon State University from 1965 to 1975, compiling career college football record of 62–80–2 (.438). A native of Oklahoma and a World War II veteran, Andros played college football as a guard at the University of Oklahoma. After retiring from coaching, he was the athletic director at Oregon State from 1976 to 1985.",coach,dbpedia_l2,1,562,63,63,0.7432,0.4867,367ad9f12db815ee6ed307dc4dda3c49a18cb9f2921f4bc9d8d9d61f417f6e4e
dbpedia:8,dbpedia,"Roberto Martínez Montoliú (born 13 July 1973) is a Spanish former professional footballer. Martínez is the current manager of the Belgium national football team. Martínez played as a defensive midfielder and began his career at Real Zaragoza, with whom he won the Copa del Rey. He spent a year at lower league side CF Balaguer, before signing for English Third Division side Wigan Athletic. Becoming part of a small Spanish contingent at the club known as \""the three amigos\"" alongside Jesús Seba and Isidro Díaz, he was a regular first team player for six years, the longest period of time he spent at one club. During his time there, he won the Football League Third Division and the Football League Trophy. He moved to Scottish side Motherwell, then to Walsall, before joining Swansea City in 2003. He became club captain and helped the team to win promotion to League One in 2005. He moved to Chester City in 2006, and was again chosen to be captain. In 2007, he retired from playing to become manager of Swansea City, leading them to promotion from League One as champions. He then joined Wigan Athletic in 2009, helping the club avoid relegation for three consecutive seasons. In his fourth season Wigan were relegated, but won the FA Cup for the first time in the club's history. At the end of that season he left to become the manager at Everton, who sacked him in 2016.On August 3rd 2016, he became Belgium's head coach.",sports manager,dbpedia_l2,0,1430,63,63,0.7518,0.4383,6941499ff30cbfd67765d2e9174543a36baf17f19b555c13266f7ca07c1c404a
dbpedia:9,dbpedia,"Premangsu Mohan Chatterjee (10 August 1927 – 12 July 2011) was an Indian first-class cricketer who represented Bengal as a left-arm medium bowler between 1946/47 and 1959/60, taking 134 first class wickets at 17.75. He was born at Cuttack, Orissa and died at Kolkata, West Bengal. In a Ranji Trophy match in Jorhat in January 1957, Chatterjee took all 10 wickets in Assam's first innings, finishing with figures of 10 for 20.This remains the best innings return ever achieved in first-class cricket outside the UK and the third best of all time. The previous season he had taken 7 for 50 and 8 for 59 against Madhya Pradesh in a semi-final of the Ranji Trophy. Sujit Mukherjee described batting against him in a minor match in Calcutta: The ball was by no means new when I went in, but I found it curving and dipping as if with a life of its own. Premangshu [sic] bowled round the wicket and barely at medium pace, but was apparently able to swing the ball all day on any ground in Calcutta ... three times I looked for the ball everywhere, and three times my bat was nowhere near the ball as it swung in, pitched and whisked away ... The fourth ball was of fuller length, way outside the off-stump, and I put my left leg right across and prepared to push it firmly away into the covers. I am sure I went through all the motions correctly, but again missed the ball – which, this time, did not miss my leg-stump.",athlete,dbpedia_l2,0,1412,63,63,0.7476,0.4375,1b2087e74319f6edf20d8b4118b7d6073e328fcfd66a3bc05bff147d954b6c49
dbpedia:10,dbpedia,"Shahanoor Dam, is an earthfill dam on Shahanoor river near Anjangaon Surji, Amravati district in the state of Maharashtra in India.",infrastructure,dbpedia_l2,0,131,63,63,0.7283,0.5129,ef64a0111b0b7672a3d946d288235b059fe6c8df27874e3bc7342bd2e851cafe
dbpedia:11,dbpedia,"Saint Catherine of Bologna (8 September 1413 – 9 March 1463) was an Italian nun as well as both an artist and saint. The patron saint of artists and against temptations, Catherine de' Vigri was venerated for nearly three centuries in her native Bologna before being formally canonized, in 1712. Her feast day is 9 March.",cleric,dbpedia_l2,0,320,63,63,0.671,0.4778,e6a04c1d8a509eeaa6f2317d19d4b57047ff3b2ecc957d2d5da629e8ceaf9081
dbpedia:12,dbpedia,"The women's 48 kg weightlifting event is the lightest women's event at the weightlifting competition, limiting competitors to a maximum of 48 kilograms of body mass. The competition took place on August 9 at 10:00 and was the first Weightlifting event to conclude. It was the second set of medals to be awarded at the Games, a few moments after the women's 10m Air Rifle. Each lifter performed in both the snatch and clean and jerk lifts, with the final score being the sum of the lifter's best result in each. The athlete received three attempts in each of the two lifts; the score for the lift was the heaviest weight successfully lifted. Sibel Özkan initially won the silver medal, but in 2016 her result was annulled due to a doping violation from a reanalysis of samples from 2008.",olympics,dbpedia_l2,0,786,63,63,0.7515,0.4634,f23c272d24289cc34e9b74dddff164fe941cbbd26171c117edba3807f3fdfd6d
dbpedia:13,dbpedia,"The discography of American rock band White Denim consists of four studio albums, one live album, three extended plays, two splits, twelve singles and six music videos.",musical work,dbpedia_l2,0,168,63,63,0.8192,0.452,6283180e608c474fc62c059a1593f11662452b97043e9b50eab5cf95583c8316
dbpedia:14,dbpedia,"The Tungamah Football Club, nicknamed the Bears, is an Australian Rules Football club playing in the Picola & District Football League. The club is based in the small Victorian town of Tungamah, a town of just 300 people located approximately 250 km north of Melbourne.",sports team,dbpedia_l2,0,269,63,63,0.8475,0.445,5f56d0f58260da2d38061e5fd014f3e63920b0f7d3ee16ddda786bb867454393
dbpedia:15,dbpedia,"The 1997 Coppa Italia Final was the final of the 1996–97 Coppa Italia, the 49th season of the top cup competition in Italian football. The match was played over two legs on 8 and 29 May 1997 between Napoli and Vicenza. The final was won by Vicenza, who claimed their first Coppa Italia title with a 3–1 aggregate victory.",sports event,dbpedia_l2,0,321,63,63,0.8197,0.4257,bcfd69909cc882b0c402626db0299d1e9c82eb72eb6c348d359831ab8c9e1e66
dbpedia:16,dbpedia,"Mortimer \""Murt\"" Connor (born 1951) is an Irish retired Gaelic footballer who played as a left corner-forward for the Offaly senior team. Born in Walsh Island, County Offaly, Connor first excelled at Gaelic football in his youth. He came to prominence at underage levels with the Walsh Island club. Connor later won a two Leinster medals and six championship medal with the Walsh Island senior team. He also played for Éire Óg. Connor made his debut on the inter-county scene at the age of seventeen when he first linked up with the Offaly minor team. He later played for the under-21 team, winning a Leinster medal. Connor made his senior debut during the 1969-70 league. He went on to play a key role for Offaly in attack during a hugely successful era, and won two All-Ireland medals and three Leinster medals. As a member of the Leinster inter-provincial team on a number of occasions, Connor failed to win a Railway Cup medal. Throughout his inter-county career Connor made 16 championship appearances. He retired from inter-county football during the 1975-76 league. Connor is a member of a famous Gaelic football dynasty in Offaly. His father, Jim Connor, and his uncle, Tommy O'Connor, played with Offaly during the 1930s and 1940s, while his brothers, Matt, Richie and Séamus also played for Offaly throughout the 1970s and 1980s. His cousins, Liam O'Connor and Willie Bryan, were also All-Ireland medal winners with Offaly.",athlete,dbpedia_l2,0,1434,63,63,0.7476,0.4375,870c5ec777edf6b8073d21693d7931bf62a6effa38cd4c400a57a30e964e6c78
dbpedia:17,dbpedia,Abu'l-Harith Mansur II (Persian: منصور دوم سامانی‎‎) was amir of the Samanids (997–999). He was the son of Nuh II.,person,dbpedia_l2,0,114,63,63,0.6904,0.4924,6fe053d6696d25d977f4da05a0c5a36938b71cc157b32fd73e59a4b0897f38b2
dbpedia:18,dbpedia,"Gilbert Jean Marco Brulé (born January 1, 1987) is a Canadian professional ice hockey centre who currently plays for KHL Medveščak Zagreb of the Kontinental Hockey League (KHL). Drafted out of the Western Hockey League (WHL), Brulé played major junior with the Vancouver Giants for three seasons. After being named the WHL rookie of the year in 2004, Brulé was selected as the WHL playoff MVP and led the Memorial Cup in scoring, as part of the Giants' WHL championship-winning season two years later. Selected sixth overall in the 2005 NHL Entry Draft, he began his NHL career with the Columbus Blue Jackets before being traded to the Edmonton Oilers prior to the 2008–09 season. After three seasons with the Oilers, he was placed on waivers, then acquired by the Coyotes for the 2011-12 season and playoffs. He then joined the ZSC Lions for the 2012-13 season. Brulé was released by the Zurich-based team in October 2012. Internationally, Brulé has represented Team Canada at the 2004 World U-17 Hockey Challenge and 2004 U-18 Junior World Cup, winning silver and gold medals, respectively.",winter sport player,dbpedia_l2,0,1092,63,63,0.7373,0.4077,0bf85ea4d4d6b0844f3545d3a687a5f2561b329b89272f2c6012d99542937e71
dbpedia:19,dbpedia,"Buddleja davidii 'Summer Skies' is an American cultivar raised by Mark Brand and William Smith of Storrs, Connecticut, and patented in 2012. The shrub is a mutant variety obtained by chemical mutagenesis of seeds, using Ethylmethane sulfonate (EMS).",plant,dbpedia_l2,0,249,63,63,0.6084,0.435,690801550b3f3cd0127add280c9c0ea943a7052adbbc0ea857f40b0d764b584c
dbpedia:20,dbpedia,"Saint Gobrain (died November 16, 725) was a Breton monk and Bishop of Vannes. At the age of 87 he retired from his see to be a hermit.",cleric,dbpedia_l2,0,134,63,63,0.6925,0.4778,43c9a39ef086fb705e7b09ccf33af0bb555d71704929218346f5beb700dba772
dbpedia:21,dbpedia,"\""Cooky Puss\"" is the debut single by the Beastie Boys, and features their first hip hop recording. It was released in 1983 as a 12-inch single on Rat Cage Records. The title, title track, and lyrics are satirical references to the Cookie Puss ice cream treat. All 4 tracks, along with the entire Polly Wog Stew EP, appear on the compilation album Some Old Bullshit. The title track samples Steve Martin's \""My Real Name\"", from his 1978 album A Wild and Crazy Guy, as well as The Beastie Boys' own \""Beastie Boys\"" and \""Transit Cop\"" from Polly Wog Stew. It also contains parts of various crank calls from the group to a local Carvel restaurant. The airline corporation British Airways used a portion of \""Beastie Revolution\"" (without the band's permission) in one of their television ads; the Beastie Boys contacted a lawyer and successfully sued British Airways for $40,000. This money was then used to rent an apartment at 59 Chrystie Street in Chinatown, New York City. This apartment was used not only as a place to live, but also as a place for the group to rehearse and record. While living there, they honed their skills and transitioned from punk rock to hip hop. The apartment was remembered in \""59 Chrystie Street\"", a song on 1989's Paul's Boutique LP.",musical work,dbpedia_l2,0,1268,63,63,0.8192,0.4553,65fd2c7252b14854957b6d8181f585566110903cd062cc20a31809f43350049a
dbpedia:22,dbpedia,"The Duquesne Country and Athletic Club hockey team or Pittsburgh Duquesne were an amateur, and later professional, ice hockey club based in Pittsburgh, Pennsylvania and were members of the Western Pennsylvania Hockey League (WPHL).",sports team,dbpedia_l2,0,231,63,63,0.8197,0.445,fc79d8fbfba59da2b0a33310cb1f87d7f96aa30cf52aec289f3067183b4f937b
dbpedia:23,dbpedia,"Syro-Malabar Catholic Eparchy of Adilabad was created by Pope John Paul II on July 23, 1999. The first bishop, Mar Joseph Kunnath, CMI, was ordained bishop on October 6, 1999 at which time the diocese also was inaugurated.",clerical administrative region,dbpedia_l2,0,222,63,63,0.6218,0.4393,599f46c6060679716ac37d4e63b1f8863c3a9ca08511d53078673984bf96f15e
dbpedia:24,dbpedia,"Kim Hyo-min (born 8 December 1995 in Ulsan) is a South Korean female badminton player. Although she now specializes in singles, Kim's first big result in a major international junior event came when she and fellow singles specialist Lee Min-ji reached the girls' doubles semi-finals at the 2012 World Junior Championships. The following year, she was undefeated in South Korea's run to winning the Suhandinata Cup at the 2013 World Junior Championships. In 2014, Kim beat Sun Yu to reach the final of the 2014 Macau Open Grand Prix Gold.",athlete,dbpedia_l2,0,537,63,63,0.7476,0.4375,57de0820add8a30f3d0304ec36925b1abb8e910919158f51dc9399f31802778c
dbpedia:25,dbpedia,The Italy women's national beach handball team is the national team of Italy. It is governed by the Federazione Italiana Giuoco Handball and takes part in international beach handball competitions. In 2012 the coach is Tamas Neukum.,sports team,dbpedia_l2,0,232,63,63,0.8475,0.445,2b7fa256e634c86151d86b8bbe32b64903273e037bdca5b09d75eaeb8d6951cc
dbpedia:26,dbpedia,"Sylvie Françoise Meis (born 13 April 1978) is a Dutch television personality and model, also popular in Germany.",person,dbpedia_l2,1,112,63,63,0.6904,0.4924,f0855ef59990142df158f3ad4eb01fa9ca7dc9dfc58b9af0efd0d4c3bee26975
dbpedia:27,dbpedia,"Moses Norris Jr. (November 8, 1799 – January 11, 1855) was a United States Representative and Senator from New Hampshire. Born in Pittsfield, he attended the public schools and the Pittsfield Academy, and graduated from Dartmouth College in 1828. He studied law, was admitted to the bar in 1832 and commenced practice in Barnstead. He returned to Pittsfield in 1834, was a member of the New Hampshire House of Representatives from 1837 to 1840 and in 1842, and was a member of the Executive Council of New Hampshire in 1841-1842. Norris was elected as a Democrat to the Twenty-eighth and Twenty-ninth Congresses (March 4, 1843 – March 3, 1847). He was again a member of the State house of representatives in 1847-1848, and served as speaker. He was then elected to the U.S. Senate and served from March 4, 1849, until his death. While in the Senate, he was chairman of the Committee on Claims (Thirty-first Congress) and a member of the Committee on Patents and the Patent Office (Thirty-second Congress) and the Committee on the District of Columbia (Thirty-third Congress). He died in Washington, D.C. in 1855; interment was in Floral Park Cemetery, Pittsfield.",politician,dbpedia_l2,0,1163,63,63,0.7275,0.4742,5c0608e6f43fa7a2c4454f9912ded0eb3da3bbea1a5ab3f1ed58b96d9932e700
dbpedia:28,dbpedia,"John O'Keeffe (born 15 April 1951 in Tralee, County Kerry) is a former Irish Gaelic footballer. He played with the local Austin Stacks Gaelic sports club and was a member of the Kerry senior inter-county team from 1969 until 1984. He was a highly talented midfielder, and one of the most stylish and accomplished full-backs in Gaelic football history. He later became the Irish international rules team manager.",athlete,dbpedia_l2,0,411,63,63,0.7476,0.4374,3cb9919204141180775b2d5ffbc75d364896aabc92fa4a0c9f3d0fc4f10c6c08
dbpedia:29,dbpedia,"In modern times, the Chinese province of Guangdong has become known for Guangdong music (later Guangdong folk tunes), a synthesis of a number of local folk music styles (like kunqu opera), intended as an accompaniment for the region's folk operas when it arose along the Pearl River Delta in the 1920s. It gradually evolved into a string ensemble format by the 1960s, led by the gaohu with ruan, qinqin, yangqin, sanxian, yehu, and various woodwind (including houguan or saxophone) and percussion instruments. Formerly, bowed stringed instruments such as the erxian and tiqin were used. Compositions by the noted gaohu player Lü Wencheng (吕文成, 1898-1981) remain particularly popular. Cantonese opera is popular in Pearl River Delta. Musical institutions in Guangdong include the Guangdong International Summer Music Festival. Teochew music and Teochew opera is pupular in Chaoshan. Hakka music is literary and laid-back in tone, and consists entirely of five notes; many folk songs only use three notes.",genre,dbpedia_l2,0,1003,63,63,0.68,0.4943,c18bb6eee191dc4febfce340517d72d81da8ca621ab09b1cbfd23633be88d5a3
dbpedia:30,dbpedia,"The Cadogan Hotel /kəˈdɒɡən/ is a hotel located in Sloane Street, Knightsbridge, London, England that was built in 1887.",building,dbpedia_l2,0,120,63,63,0.6738,0.4522,cdf8a94f11cb5ad93867466d9102569d62e0248bc9d91fb9376b5b0f111cc1e8
dbpedia:31,dbpedia,Rubén Roca (born 12 December 1940) is a Cuban former swimmer. He competed in two events at the 1960 Summer Olympics.,athlete,dbpedia_l2,0,116,63,63,0.7476,0.4375,b1dc1e1cb446ea28d212ef1c4c940c70a7701d50ddfb60255cd7199ccc282e02
dbpedia:32,dbpedia,"Konung Gustaf V:s Pokal (literally: King Gustaf V's Trophy) or, in shorter form, Kungapokalen (literally: The King's Trophy), is an annual international Group One harness event for trotters. It is held at Åby Racetrack in Mölndal, 10 km south of Gothenburg, Sweden. It is a stakes race for 4-year-old stallions and geldings. The purse in the 2009 final was ≈US$273,000 (€200,000), of which the winner Knockout Rose won half.",race,dbpedia_l2,1,424,63,63,0.732,0.5111,7e71d480152bb175a95ef0988b8b032c12a57607f2211a76bac79d8c2b6fa331
dbpedia:33,dbpedia,"Power Engineering is a monthly magazine dedicated to professionals in the field of power engineering and power generation. Articles are focused on new developments in power plant design, construction and operation in North America. Power Engineering is published by PennWell Corporation, the largest U.S. publisher of electric power industry books, directories, maps and conferences. Power Engineering International, also published by PennWell, covers Europe, Asia-Pacific, the Middle East and the rest of the world.",periodical literature,dbpedia_l2,0,516,63,63,0.6771,0.456,322d9cc03cf994772360ebb376d9feebe5be97a8d03f252e9ac9a75f2c52fbae
dbpedia:34,dbpedia,"The Minnesota Channel is a full-time 24/7 digital statewide channel originating at Twin Cities Public Television. It features programming related to Minnesota (and some related to Wisconsin and North Dakota), plus coverage of the Minnesota Legislature when in session. The Minnesota Channel is carried as a digital sub-channel on all six member networks of the Minnesota Public Television Association.",broadcaster,dbpedia_l2,0,401,63,63,0.7884,0.4844,d51ad66ae1ab34e3cc22a743e73f54d056c3344b926f4a18b9f2e65566a24994
dbpedia:35,dbpedia,"The Wild Mouse is a Wooden roller coaster located at Pleasure Beach, Blackpool in Blackpool. Opened in 1958, it's one of only 5 remaining wooden Wild Mouse coasters left in the world and is held in very high regard as one of the finest and most extreme examples of Wild Mouse coasters.",amusement park attraction,dbpedia_l2,0,285,63,63,0.7033,0.4618,056f6c5bca8da7136688cc575145e90ffba1c0b6b865206a216a2dc72d63a20d
dbpedia:36,dbpedia,"The Greek Orthodox church in Joubert Park, Johannesburg, is a historical Greek Orthodox Church designed by architect Hermann Kallenbach, and built in 1912. The building is also known as the Cathedral of Saints Constantine and Helen. It is a SAHRA protected site.",building,dbpedia_l2,1,262,63,63,0.6302,0.4514,0e3c9724ea9b912c9661743bb01cb9f04a534c64701675aecd68ea6749055785
dbpedia:37,dbpedia,"Prince Kinashi no Karu (木梨軽皇子 Kinashi no Karu no Miko, died circa 453) was a Japanese prince. He was a son of Emperor Ingyō. Prince Kinashi no Karu, Princess Karu no Ōiratsume, Prince Anaho (Emperor Ankō) and Prince Ōhatsuse Wakatake (Emperor Yūryaku) were born as children of Ingyō and Oshisaka no Ōnakatsuhime. Prince Kinashi no Karu was the first son of his father. Prince Kinashi no Karu was elected as the crown prince, but was accused for his incestuous relationship with his sister, Princess Karu no Ōiratsume. After his father’s death, Anaho battled with Kinashi no Karu. Anaho defeated Kinashi no Karu, becoming Emperor Ankō. According to Kojiki, Kinashi no Karu was sent into exile to Iyo Province and then committed suicide. According to Nihon Shoki, Karu no Ōiratsume was sent into exile to Iyo Province during the reign of her father because of their incestuous relationship and Prince Kinashi no Karu committed suicide during the battle with Anaho.",person,dbpedia_l2,0,962,63,63,0.6904,0.4924,c7a15ab760f766ca5602ea7bf7a4db153f15e6534df37fbca8d4a7e027d5f541
dbpedia:38,dbpedia,"Umeå Energi Arena, formerly known as T3 Arena and Gammliavallen, is a multi-purpose stadium in Umeå, Sweden. It is currently used mostly for football matches and is the home stadium of Umeå IK. The stadium holds 10,000 people. The name was changed to T3 Arena in 2011.",sport facility,dbpedia_l2,0,268,63,63,0.7592,0.4081,a797625a9d0906c28739b68633d5b11dbba0be7f638414c0604d0525d166e362
dbpedia:39,dbpedia,The Archdiocese of Lublin (Latin: Lublinen(sis)) is an archdiocese located in the city of Lublin in Poland.,clerical administrative region,dbpedia_l2,0,107,63,63,0.6218,0.4393,c8f47121897755fc64b83ab836d2635f6a82a89b53065f1f0d1a7481651cca44
dbpedia:40,dbpedia,Culmore railway station served Culmore and Coolkeeragh in County Londonderry in Northern Ireland. The Londonderry and Coleraine Railway opened the station on 1 October 1853. It closed on 2 July 1973.,station,dbpedia_l2,1,199,63,63,0.6865,0.4982,d052d80195736da4fb89c345fec8f90ec7955e744d636d5a870689186c45eb47
dbpedia:41,dbpedia,"Ace Attorney, known in Japan as Gyakuten Saiban: Sono \""Shinjitsu\"", Igiari! (逆転裁判 その「真実」、異議あり!, lit.\""Turnabout Trial: I Object to That 'Truth'!\""), is a 2016 Japanese anime series produced by A-1 Pictures, based on Capcom's Ace Attorney video game series. It is directed by Ayumu Watanabe (Space Brothers) and written by Atsuhiro Tomioka (Inazuma Eleven). First unveiled at the 2015 Tokyo Game Show, the series began airing in Japan from April 2, 2016.",cartoon,dbpedia_l2,0,454,63,63,0.7531,0.4967,4a3d24cf61f70c955fd8552abef84b78de613afefc2f9d3700c7611f1436bb41
dbpedia:42,dbpedia,"\""Daddy\"" is the 21st K-pop single by the South Korean musician Psy. The song was released on November 30, 2015 to his YouTube channel, as the lead single of his 7th studio album Chiljip PSY-Da. It features CL of 2NE1. It samples hooks derived from \""I Got It from My Mama\"" by will.i.am.",musical work,dbpedia_l2,0,288,63,63,0.8192,0.4407,4c426662d96bab5dcb4dc397f32747ee967524a9826d720218ac07f8f58d232e
dbpedia:43,dbpedia,"Trevor Senior (born 28 November 1961 in Stratton, near Dorchester, Dorset) is a former professional football striker who played primarily at Reading. He is currently the manager of Bridport. Senior started his career at Dorchester. He joined Portsmouth in 1981 for £35,000, and then (after a loan spell with Aldershot) moved to Reading where he scored 184 goals in 362 league and cup appearances in two spells between 1983 and 1992. In season 1983-84, when Reading won promotion from the Fourth Division, Senior was top scorer in all 4 divisions of the Football League with 36 goals in the league and a total of 41 in all competitions. Two years later he scored 27 times in the Third Division campaign as Reading won another promotion, this time as champions of their division. In March 1988 Senior signed for Middlesbrough on transfer deadline day for a fee of £200,000 from Watford, where he had moved in July 1987. After making just 10 league appearances for Boro and being part of their Second Division promotion winning team, Senior moved back to Reading in October 1988. Despite his time on Teesside being seen generally as a disappointment, Senior was instrumental in Boro's promotion in May 1988 after scoring two important goals in the play-offs. After he left Reading for a second time in 1992, and making his last Football League appearance at the age of 30, Senior spent a season with non-league Woking, and then a short spell at Dorchester Town before signing in November 1993 for Farnborough Town. The following season he became manager of Weymouth and subsequently during 1995–96 had another spell at Farnborough. His last job was manager of Bridgwater Town in the Western Football League, before joining Dorchester, and becoming the Under 18's manager. His last game as U-18's manager was in  May 2008 Senior was appointed manager of Western League Division One Bridport on 15 June 2009 following the resignation of Ian Hutchinson.",sports manager,dbpedia_l2,0,1947,63,63,0.7518,0.4399,4c6ab909f38d3430bc368521b99702645b1497b0d54b1f02c83c3a82bf3ef172
dbpedia:44,dbpedia,Georges de Paris (24 or 28 September 1934 – 13 September 2015) was a Greek tailor who is often referred to as having been the President of the United States' unofficial tailor or the tailor to the Presidents. Paris fashioned suits for every American President from Lyndon Johnson to Barack Obama.,artist,dbpedia_l2,0,296,63,63,0.8172,0.4672,f75cf21cb82a8c433f3a940281fda82876368cc8fa669d3d2e80a7d9c3905265
dbpedia:45,dbpedia,"Lancaster High School is a public secondary school in Lancaster, Texas (USA). It is part of the Lancaster Independent School District and serves students in grades nine through twelve.",educational institution,dbpedia_l2,0,184,63,63,0.6355,0.4326,d7595e8beb685989d3bbc8a36ef3dc06e1d32636fc6ff5097495182a82eef712
dbpedia:46,dbpedia,"Marguerite Bays (8 September 1815 – 27 June 1879) was a Swiss Roman Catholic laywoman who was a member of the Secular Franciscan Order. She worked as a seamstress and also served as a catechist. Bays lived a simple life as a Franciscan, adapting the tenets of the order into her life. Cured from bowel cancer on 8 December 1854, she took that as a divine sign since it fell on the day that Pope Pius IX proclaimed the dogma of the Immaculate Conception. After her death in 1879, Pope John Paul II beatified her in 1995 after the recognition of a miracle attributed to her intercession. One final miracle is needed for her to be canonized.",cleric,dbpedia_l2,0,638,63,63,0.671,0.4778,e2d4ed77a264313c0aad2eb6321c076102a32950296be62f07007d4ee831d320
dbpedia:47,dbpedia,Matsuichthys aequipinnis is a species of tubeshoulder found only in the Sulu Sea. This species grows to a length of 11.9 centimetres (4.7 in) SL.,animal,dbpedia_l2,0,145,63,63,0.7241,0.461,24f363e7ee8a4ff12ae664f0c58fabe8b0fb74be92a7fe54b15930886113c927
dbpedia:48,dbpedia,"Pascal Kelleghan (born in Rhode, County Offaly) is an Irish sportsperson. He plays Gaelic football with his local club Rhode and was member of the Offaly senior inter-county team. He is also a manager. He played with the Offaly intercounty team and played in the 2006 Leinster final but was on the losing side to Dublin He has had much success at club level with Rhode winning county championships in 2004, 2005, 2006, 2008, 2010, 2012. He has also had a lot of success as a manager at club level. He managed Meath side Ballinabrackey where he led them to county and Leinster club JFC honours. In 2012 he led Kildare side Monasterevin to county and Leinster Intermediate titles. In 2011 he was appointed as Offaly Under 21 manager.",athlete,dbpedia_l2,0,731,63,63,0.7476,0.4398,42a5b176fa553f39489a7d3c0549ed76456ff4094d9362a8eaa86d71b22acf1e
dbpedia:49,dbpedia,"The Royal Hashemite Court (RHC) which is historically known as Al-Maqar (the Headquarters), is the administrative and political link between the King of Jordan and the Jordanian regime which includes; constitutional authorities (governmental, legislative and judicial), the Armed Forces and the Security Services. It also acts as the primary body responsible for supervising the relationship between the King and the Jordanian people. Established in 1946, at the time of the independence of the Hashemite Kingdom of Jordan. The RHC is the official institution that oversees the preparation and implementation of the King's local and international activities, while providing the necessary political, administrative and diplomatic support to the state in order to enable them to fulfil the tasks entrusted to them by the constitution.",organisation,dbpedia_l2,0,833,63,63,0.7665,0.5074,906da70ef32036dafa4290254c6755e9ec53daa84cf5358514f476772b954c2d
dbpedia:50,dbpedia,"Vegard Ulvang (born 10 October 1963, in Kirkenes) is a Norwegian cross-country skier who won three Olympic gold medals, two silver, and one bronze. He has retired from international and Olympic competition. At the opening ceremony of the 1994 Winter Olympic Games, he took the ceremonial Olympic Oath on part of all the athletes. In addition to his Olympic achievements, he received the Holmenkollen medal in 1991 (shared with Trond Einar Elden, Ernst Vettori, and Jens Weißflog), and won the World Cup in 1990. He has also won nine gold, six silver, and two bronze medals in the Norwegian Championships. He earned nine World Cup race victories. Ulvang also won the 50 km at the Holmenkollen ski festival in 1989, 1991 and 1992. After retiring from professional skiing, he started his own clothing line which has made him a multimillionaire. On 25 May 2006 Ulvang was named chairman of the executive board of the International Ski Federation's cross-country committee, taking over from Peter Petricek of Slovenia, who decided to step down after four years in the job. Ulvang was given the position without election after the board of the FIS decided unanimously that Ulvang was the best man for the job. Ulvang is also a part of Norwegian TV 2's television travel-series Gutta på tur, together with fellow skier Bjørn Dæhlie, TV personality Arne Hjeltnes and chef Arne Brimi. He is also the creator and organizer of the Tour de Ski.",winter sport player,dbpedia_l2,0,1432,63,63,0.7373,0.4077,405996b544b1a62de16c29381debf9819a36339012b1adc8692974d46898a308
dbpedia:51,dbpedia,"Akwas by Mike Roy is a Sunday only adventure comic strip which ran from June 14, 1964 to March 28, 1965, and was syndicated through 1972. It featured the Native American character Akwas in realistic historical adventures set before Christopher Columbus' voyage to the Americas. The best format is the half page; the strip is also found in a third of a page and tabloid formats, which drop one or more panels. There were four stories: Cricket Kidnapped, The Dream Fast, Mission to the Huron, and Jessakid. Toward the end of the strip, as it appeared in fewer and fewer newspapers, Mike Roy attempted to revive interest by giving Akwas superpowers. The strip ended shortly after this. None of the stories have been reprinted, but one Akwas strip can be seen on the cover of Comics Revue #266.",comic,dbpedia_l2,1,790,63,63,0.7308,0.5001,7f5b18fddc6435f3142236dc89244cfd50d4e3a1f7b1bd58021a6c51f3559bb0
dbpedia:52,dbpedia,"Seiyu's Life! (それが声優! Sore ga Seiyū!, lit. That is a Voice Actor!) is a comedy 4-panel dōjin manga series. The manga is written by the voice actress Masumi Asano, with art by Kenjiro Hata, and is released under the circle name Hajimemashite. The manga was launched at Comiket 81 in December 2011, with further releases at each subsequent Comiket. An anime television series adaptation by Gonzo aired between July and September 2015.",comic,dbpedia_l2,0,432,63,63,0.815,0.5005,136a9b62d07caf57dcf2670fb921d7179ea6000463157155e10818edcb88bc63
dbpedia:53,dbpedia,"Luis Alberto Pedemonte (born May 4, 1920 in Montevideo) is a retired Uruguayan professional football player.",athlete,dbpedia_l2,0,108,63,63,0.7476,0.439,3621f038c22b1d7e36c4131bb3eb8e37e761d172b6bfcfcd5df8a554540a1927
dbpedia:54,dbpedia,"Timothy LeDuc (born May 4, 1990) is an American pair skater. With Cassie Andrews, he finished ninth at the 2011 World Junior Championships. He teamed up with DeeDee Leng in June 2012. Their partnership ended in spring 2014. He teamed up with Ashley Cain in May 2016.",winter sport player,dbpedia_l2,0,266,63,63,0.7373,0.4077,2d7fe17dd3cc325b0ce78646a1781e247594052b4e048f413b37dffbad05f939
dbpedia:55,dbpedia,"Enno Louis of East Frisia, was count of East Frisia and after 1654 Fürst (Prince) of East Frisia, (29 October 1632 – Aurich, 4, April 1660) and the son of Ulrich II and Juliana of Hesse-Darmstadt.",person,dbpedia_l2,0,196,63,63,0.6904,0.4924,d29a4732c58931a41a8205b6538b3becae8a903be4f56890ed4fdaeeaf4caa49
dbpedia:56,dbpedia,"Kosmos 472 (Russian: Космос 472 meaning Cosmos 472), known before launch as DS-P1-Yu No.52, was a Soviet satellite which was launched in 1972 as part of the Dnepropetrovsk Sputnik programme. It was a 250-kilogram (550 lb) spacecraft, which was built by the Yuzhnoye Design Bureau, and was used as a radar calibration target for anti-ballistic missile tests.",satellite,dbpedia_l2,1,357,63,63,0.6664,0.4879,7f4e0f163f091833e751f0783667914d7aba31f0fd3ac3544c51f1b0c9d4e996
dbpedia:57,dbpedia,"Norah Head Light is an active lighthouse located at Norah Head, a headland on the Central Coast, New South Wales, Australia, close to Toukley. It is the last lighthouse of the James Barnet style to be built, and the last staffed lighthouse constructed in New South Wales. Officially displayed for the first time in 1903, the original vapourized kerosene burner was upgraded in 1923, electrified in 1961 and automated and demanned in 1994, after more than 90 years of being staffed. It celebrated its centenary in 2003. The concrete block tower is 27.5 metres (90 ft) high, topped by a bluestone gallery. On top of the gallery is the original Chance Bros. lantern. This lantern holds the original housing of the Chance Bros. 1st order bivalve dioptric Fresnel lens. Other important structures include the chief lightkeeper's cottage and assistant keeper's duplex, and a flag house.",tower,dbpedia_l2,1,880,63,63,0.7237,0.5109,b0ebe9efb0063c6c41c8145e84bc7067e304eb9fd0673f542470e686406514dd
dbpedia:58,dbpedia,"John Wesley Gaines (August 24, 1860 – July 4, 1926) was an American politician and a member of the United States House of Representatives for the 6th congressional district of Tennessee.",politician,dbpedia_l2,1,186,63,63,0.7275,0.476,cd65fa81aab3bb288d29d91556817625255dc0ec9b6e7d063ce1eda8f12444ec
dbpedia:59,dbpedia,"The 2011 Colorado Ice season was the team's fifth season as a football franchise and third in the Indoor Football League (IFL). Founded for the 2007 season as part of United Indoor Football, the Colorado Ice became charter members of the IFL when the UIF merged with the Intense Football League before the 2009 season. One of 22 teams competing in the IFL for the 2011 season, the Fort Collins-based Colorado Ice were members of the Mountain West Division of the Intense Conference. In their final season under original head coach Collins Sanders, the Colorado Ice played their home games at the Budweiser Events Center in Loveland, Colorado. The team recorded an 11–3 record, won the Mountain West Division title, and reached the playoffs.",football league season,dbpedia_l2,0,740,63,63,0.8033,0.4242,dd918e97671cc7ffcf39c311676ed5ff7d1c62deb5f80f628dd6bb9287e5761f
dbpedia:60,dbpedia,"56 Melete (/ˈmɛlᵻtiː/ MEL-i-tee) is a large and dark main belt asteroid. It is a rather unusual P-type asteroid, probably composed of organic rich silicates, carbon and anhydrous silicates, with possible internal water ice. Melete was discovered by Hermann Goldschmidt from his balcony in Paris, on September 9, 1857. It orbit was computed by E. Schubert, who named it after Melete, the Muse of meditation in Greek mythology. It was originally confused for 41 Daphne before it was confirmed not to be by its second sighting on August 27, 1871. In 1861, the brightness of 56 Melete was shown to vary by German astronomer Friedrich Tietjen. To date, two stellar occultations by Melete have been observed successfully (in 1997 and again in 2002). Melete has been studied by radar. Photometric observations of this asteroid at the Palmer Divide Observatory in Colorado Springs, Colorado in 2007 gave a light curve with a period of 18.151 ± 0.002 hours and a brightness variation of 0.15 ± 0.02 in magnitude. This result is in agreement with a period of 18.1 hours independently reported in 1993 and 2007.",celestial body,dbpedia_l2,0,1100,63,63,0.6115,0.4266,0e803317efc50f4e6dfd03714c1cca8ca89f430323b3c4251cb952167fe154bf
dbpedia:61,dbpedia,"The Western German football championship (German: Westdeutsche Fußball Meisterschaft) was the highest association football competition in Western Germany, in the Prussian Province of Westphalia, the Rhine Province, the northern parts of the province of Hesse-Nassau as well as the Principality of Lippe, later to become the Free State of Lippe. The competition was disbanded in 1933 with the rise of the Nazis to power. It is not to be confused with the German championship in what was commonly referred to as West Germany from 1949 to 1990.",sports league,dbpedia_l2,0,541,63,63,0.8475,0.4279,26215cf9078402b3da5f311cc8c7c9193cbedb7a2ff5f2249e74d1cc1603cfee
dbpedia:62,dbpedia,William Steere was an Irish Anglican priest in the seventeenth century. He was Dean of Ardfert from 1620 to 1628 when he became Bishop of Ardfert and Aghadoe. In 1636 he was presented In commendam with the Archdeaconries of Cork and Cloyne. He died in office on 21 January 1638.,cleric,dbpedia_l2,0,278,63,63,0.671,0.4778,1e6cd4774c141209356cefbd14b2f9c22bf113cc272db947dd5be7424eed08f8
dbpedia:63,dbpedia,"Spongiforma thailandica is a species of fungus in the Boletaceae family, genus Spongiforma. The stemless sponge-like species, first described in 2009, was found in Khao Yai National Park in central Thailand, where it grows in soil in old-growth forests. The rubbery fruit body, which has a strong odor of coal-tar similar to Tricholoma sulphureum, consists of numerous internal cavities lined with spore-producing tissue. Phylogenetic analysis suggests the species is closely related to the Boletaceae genera Porphyrellus and Strobilomyces.",eukaryote,dbpedia_l2,0,540,63,63,0.6177,0.4396,b4fe571d35a61d47bbf3ebd9f07f904a87889d42b4a961f2d609eeac10aa8f03
dbpedia:64,dbpedia,"T-Max (Hangul: 티 맥스; RR: Ti Maegseu), stylized T-MAX or T.max, was a South Korean pop music group formed in 2007 under the label 2Step Entertainment (later Planet 905). The group began as a trio, where the \""T\"" in its name was derived from the words \""triple\"" and \""trinity\"". T-Max released an album, an EP, five singles, some of which have songs different from its title, and several soundtrack singles for television shows such as Boys Over Flowers, Detectives in Trouble, and Master of Study. Its members have pursued individual acting gigs in dramas, sitcoms, and musicals.",group,dbpedia_l2,1,580,63,63,0.7248,0.4831,e3367f7355dfd0e9acf13cab34358725848f5aaa02c2a907bbe1960d3fe7301b
dbpedia:65,dbpedia,The 1974 Toronto Argonauts finished in fourth place in the East Conference with a 6–9–1 record and failed to make the playoffs.,football league season,dbpedia_l2,0,127,63,63,0.7244,0.4242,47e019f1cf2d53eb78d624e2f457f18f697754893d69493a52f5149fbc8647ea
dbpedia:66,dbpedia,"Luna E-1 No.2, sometimes identified by NASA as Luna 1958B, was a Soviet spacecraft which was lost in a launch failure in 1958. It was a 361-kilogram (796 lb) Luna E-1 spacecraft, the second of four to be launched, all of which were involved in launch failures. It was intended to impact the surface of the Moon, and in doing so become the first man-made object to reach its surface. The spacecraft was intended to release 1 kilogram (2.2 lb) of sodium, in order to create a cloud of the metal which could be observed from Earth, allowing the spacecraft to be tracked. Prior to the release of information about its mission, NASA correctly identified that it had been an attempted Lunar impact mission. Facing continued political pressure to beat the US, Sergei Korolev lost his temper and exclaimed \""Do you think only American rockets explode!?\"" Once again, he knew that the Pioneer 1 probe was set for launch on October 11, but again decided to wait. Just like with the attempt in August, the US moon shot failed to attain orbit. Luna E-1 No.2 was launched on 11 October 1958 atop a Luna 8K72 carrier rocket, flying from Site 1/5 at the Baikonur Cosmodrome. One hundred and four seconds after launch, longitudinal resonance within the rocket's strap-on booster rockets caused the vehicle to disintegrate. This was the same problem which had caused the loss of Luna E-1 No.1 three weeks earlier.",satellite,dbpedia_l2,0,1396,63,63,0.6664,0.4879,47a6e45019d067c47a1c23d35ed7a4d1bee306d9e7eb3045df8aa1c0cc369922
dbpedia:67,dbpedia,"Daegu Grand Park Station is a station of the Daegu Metro Line 2 in Yeonho-dong, Suseong District, Daegu, South Korea. Daegu Grand Park is not yet opened.",station,dbpedia_l2,1,153,63,63,0.6865,0.4993,737c0b288c7816a8121bb233b1d650ee5a37124ff0bd186fcd2b584a908433dd
dbpedia:68,dbpedia,"The American Elm cultivar Ulmus americana 'Exhibition' is a selection made by the Patmore Nurseries from seeds of a tree at Brandon, Manitoba. Released in 1952, 'Exhibition' was propagated by grafting.",plant,dbpedia_l2,0,201,63,63,0.6084,0.4354,faf8b240ec9cf499d50f06b6d9a1d950bf7d7cd5a4ee5520e0cc3485520009c4
dbpedia:69,dbpedia,"Tseung Kwan O Hospital (Chinese: 將軍澳醫院), located in Tseung Kwan O, Hong Kong, is an acute hospital providing secondary care services for the Sai Kung and Tseung Kwan O community.",building,dbpedia_l2,0,178,63,63,0.6738,0.4522,82b80ed506aba5d027d52fb80fda98d296c84481aece3ad0d4145cd5e93beddd
dbpedia:70,dbpedia,"Spindizzy Worlds is a puzzle video game published by Activision, released on the Amiga and Atari ST in 1990. It was later released on the Super Famicom in 1992 and the Super Nintendo Entertainment System in 1993 by Ascii Entertainment and on the Sharp X68000 and the NEC PC-9801 in 1992 by Arsys Software as Spindizzy II. The game is a sequel to the 1986 video game Spindizzy. Like its predecessor it uses an isometric view, and the player controls a spinning top kind of robotic device named GERALD, a Geographical Environmental Reconnaissance And LandMapping Device, that is tasked with exploring and mapping a star system before it is destroyed.",software,dbpedia_l2,1,648,63,63,0.6461,0.466,8ad2c957c4bb13c72e59e88cbd83844c07a1f860b57dcd044cae6327f091ef6a
dbpedia:71,dbpedia,"Ken Sherwood was the Third man on the Granite CC curling team (from Seattle, Washington, United States) during the World Curling Championships known as the 1961 Scotch Cup.",winter sport player,dbpedia_l2,0,172,63,63,0.7373,0.4077,f75a357b3f9b18c4f81b23af0dacb34ab79b80579a2845d34c0e36d695322179
dbpedia:72,dbpedia,"The Lady from the Sea (Norwegian: Fruen fra havet) is a play written in 1888 by Norwegian playwright Henrik Ibsen inspired by the ballad Agnete og Havmanden. The drama is notable in the Ibsen corpus for introducing the portrayal of Hilde Wangel who is again portrayed in Ibsen's later play The Master Builder. The character portrayal of Hilde Wangel has been portrayed twice in contemporary film as a culturally relevant portrayal, most recently in the 2014 film titled A Master Builder.",written work,dbpedia_l2,0,487,63,63,0.7009,0.4355,eb4333c2cdcc9cf77f2bcaf2fc9709dd17794de9641a7d6388297d3976bdad1f
dbpedia:73,dbpedia,"The yellow-billed malkoha (Phaenicophaeus calyorhynchus) is a species of cuckoo in the Cuculidae family. It is endemic to Sulawesi, Indonesia. Its natural habitat is subtropical or tropical moist lowland forests.",animal,dbpedia_l2,0,212,63,63,0.7241,0.461,0bfbb3f947e4f7ed1b88353e82ce86444b107efffa5ce1f5b2ee480b1831ecd8
dbpedia:74,dbpedia,"Powell is a town in DeKalb County, Alabama, United States. At the 2010 census the population was 955. Powell is located atop Sand Mountain. Originally incorporated as Powell's Crossroads in the 1960s, it shortened its name to Powell by the 1990 U.S. Census. Northeast Alabama Community College is located on the northwest border of the town.",settlement,dbpedia_l2,0,341,63,63,0.6863,0.5044,49445f0a76482a5879e138f97ca07986dafae95e7b7488313997c50de622541f
dbpedia:75,dbpedia,"James Adams (21 October 1910 – 9 January 1986) was a Scottish professional golfer who was chosen for five Ryder Cup sides and achieved high finishes in The Open Championship on several occasions (five top-10s including two seconds). Born in Troon, Adams turned professional when 14, and won the Irish PGA Championship, in 1933. In 1936, he won the Penfold Tournament on the British Tour, and came very close to winning The Open Championship at Hoylake. Adams shared the third-round lead with Henry Cotton, but despite beating Cotton (and Gene Sarazen, also in the field that year) in the final round, Adams finished a single shot behind Alf Padgham. Two years later, at Royal St George's, Adams' final two rounds of 78-78 put him in second place, this time behind Reg Whitcombe. When the Championship resumed after World War II, he was fourth in 1951, and in 1954, Adams was the only player to break 70 in both the final two rounds at Royal Birkdale with a pair of 69s, but his effort was not quite enough to catch Peter Thomson, and Adams finished fifth, three shots behind. In 1937 Adams was runner-up in the British PGA Matchplay championship, the first of three occasions he would reach the final of that event without winning it. He won the British Masters in 1946 (tie with Bobby Locke), the Silver King tournament in 1948 (tie with Charlie Ward), the Dutch Open and Belgian Open in 1949, the Italian Open in 1951 and the Lakes Open, an event on the Australian Tour, in 1952. Adams was selected for the 1939 Ryder Cup team, although the matches did not take place, then again in 1947, 1949, 1951 and 1953. He won both his matches in 1949. In 1951, the British team all played in the North and South Open in America in preparation for the Ryder Cup matches, and Adams finished fourth in a field that contained the entire U.S. Ryder Cup team. Adams was the head pro at the Wentworth Club from 1949 to 1952. He then went to Royal Mid-Surrey, where he stayed until 1969.",athlete,dbpedia_l2,0,1972,63,63,0.7476,0.4372,4ad077aa3ce7f682b564f049b6e188ac90baac1bd21212c47d40f3ddb89cf084
dbpedia:76,dbpedia,"Misono Station (美園駅) is a metro station in Toyohira-ku, Sapporo, Hokkaido, Japan. The station number is H12. It is located in the Tōhō Line. The Tsukisamu Park is about 8 minutes walking distance from the station.",station,dbpedia_l2,1,213,63,63,0.6865,0.4993,bb52b0f4b87d72a42a571846554a7d8fd2ffc30c32452fe45c019f5e2759358d
dbpedia:77,dbpedia,The 22nd Pennsylvania Volunteer Cavalry was a cavalry regiment of the Union Army during the American Civil War.,organisation,dbpedia_l2,0,111,63,63,0.7665,0.5067,4608ffc1f7dbe62a88799658342909c8f9cd477ae8c92c477942aeda8202bb9e
dbpedia:78,dbpedia,Samiullah Agha (born 1 January 1981) is a Pakistani first-class cricketer who played for Quetta cricket team.,athlete,dbpedia_l2,0,109,63,63,0.7351,0.4361,70f69d41d5265d56534b3ea52475e9b12841aa05747f63c1db889434482892ad
dbpedia:79,dbpedia,"The 2008 African U-20 Women's World Cup Qualifying Tournament was the 4th edition of the African U-20 Women's World Cup Qualifying Tournament, the biennial international youth football competition organised by the Confederation of African Football (CAF) to determine which women's under-20 national teams from Africa qualify for the FIFA U-20 Women's World Cup. The top two teams of the tournament DR Congo and Nigeria qualified for the 2008 FIFA U-20 Women's World Cup in Chile as the CAF representatives.",tournament,dbpedia_l2,1,506,63,63,0.788,0.5156,85e2c99c99eb79fb5769cb8942abcc56501f552150f130a707fa65383329c0d5
dbpedia:80,dbpedia,"Seiya Kishikawa (岸川聖也 Kishikawa Seiya, born 21 May 1987) is a male Japanese table tennis player. He paired with Jun Mizutani in men's doubles competitions, the duo won four consecutive national titles from 2007 to 2010. They also won a bronze medal at the 2009 World Championships and two titles at the ITTF Pro Tour. He currently plays for the German team TTC Ruhrstadt Herne.",athlete,dbpedia_l2,0,377,63,63,0.7476,0.4374,5119584599116e3f142d6831ad90d4474576c298534f4190a0c3b7e16bf37737
dbpedia:81,dbpedia,"The Bear River Mountains, or Bear River Range, is located in northeastern Utah and southeastern Idaho, forming the eastern boundary of the Cache Valley. One of the mountains' sinks (Peter Sinks) recorded the lowest temperature in Utah on February 1, 1985, at −69 °F (−56 °C), which is also the second-lowest temperature ever recorded in the contiguous United States. U.S. Highway 89 via Logan Canyon provides the only major route through the mountains, and the canyon is the location of Logan River, the Beaver Mountain ski resort, and Tony Grove Lake.",natural place,dbpedia_l2,0,552,63,63,0.6781,0.4063,d98f6c64583925f2a82cc7be22e348afd3489b52a0657ff44d2f35d305e600c7
dbpedia:82,dbpedia,The 1961 Cleveland Browns season was the team's 12th season with the National Football League.,football league season,dbpedia_l2,0,94,63,63,0.7244,0.4242,809103b6293fed132a810d305399950c412e2af91f2b4280c6bf09b3bff35da6
dbpedia:83,dbpedia,"Skyros Island National Airport (Greek: Κρατικός Αερολιμένας Σκύρου) (IATA: SKU, ICAO: LGSY) is an airport serving the island of Skyros in Greece. It is located 17 km northwards from the town of the island (also called Skyros), in an area called Trachi. It opened in 1984 and since then it operates as a civil airport.",infrastructure,dbpedia_l2,0,317,63,63,0.7409,0.5129,5629d34886dc5f14b00fb589362ceea846956b74dea3efb805c5212be71aee7e
dbpedia:84,dbpedia,"Silver Star is a roller coaster located at Europa-Park, a theme park in Rust, Germany. The coaster has a height of 239 ft (73 m), placing it in the hyper coaster category. Although it is one of Bolliger & Mabillard's tallest coasters, it was surpassed as the tallest in Europe by Shambhala: Expedición al Himalaya at PortAventura in 2012 (both were surpassed by Fury 325 at Carowinds in 2015, which is the tallest coaster Bolliger and Mabillard has ever built to date). Signs in the queuing area claim a maximum speed of 130 km/h, with a maximum of 4G vertical forces. Silver Star has 3 trains which seat 36 people each, giving an hourly capacity of 1,750 passengers. This hypercoaster is situated in the French area of Europa Park and is sponsored by Mercedes-Benz.",amusement park attraction,dbpedia_l2,0,766,63,63,0.7033,0.4618,14089c1f2e83ef6c9456da6170c29f5a4234f071d9ab862ddef3d7bdfd14ca81
dbpedia:85,dbpedia,"DXXB-TV is a commercial relay television station owned by ABS-CBN Corporation. Its transmitter is located at Mount Kitanglad, Bukidnon, whereas ABS-CBN Studio complex located here in Cagayan de Oro City, It started as a strong signal operations in 1989 (where the whole Northern Mindanao Region and Iligan CIty has) And in October 5, 1997,  ABS-CBN Iligan was launched because the transmitter in Mt. Kitanglad was weak and signals got to Cagayan de Oro and some parts of Bukidnon.",broadcaster,dbpedia_l2,0,480,63,63,0.7443,0.4844,45d2c4ff3e1e3a992f9d86a09cb7f1e373ab0b5a26f63916e7edcf3fb8fa7daf
dbpedia:86,dbpedia,"Milliken Mills High School is a high school in the city of Markham, Ontario, Canada. It is one of 29 high schools in the York Region District School Board. The high school's construction was not scheduled to finish until January 1989 because of a construction worker strike. The students were sent to Unionville High School on September 1988 for the first semester of the school year. Unionville High students went to school from 8:00 am to 12:00 pm and the Milliken Mills students went to school from 1:00 pm to 4:30 pm. Milliken Mills was fully operational in Spring, 1989. Since its founding in 1988, the enrollment has remained around 1,600 students. Its service boundary area stretches north from Steeles Avenue, west to Warden Avenue, south from the 14th Avenue, and east to McCowan Road. Milliken Mills High School is a multicultural school at the level of both students and staff, a microcosm of the surrounding community of Markham.",educational institution,dbpedia_l2,0,941,63,63,0.6355,0.4326,c59cc8e149b29747d85b2ccde66db7a35e824a25b1f0792e57b6cb36b80715f3
dbpedia:87,dbpedia,The Women's 400 metre Freestyle event for the 1976 Summer Olympics was held in Montreal. The event took place on 20 July.,olympics,dbpedia_l2,1,121,63,63,0.6962,0.4634,9fb1c1eb1c390ac16f306df85b229bf2fe89660044d1e15545c4e0fc68001424
dbpedia:88,dbpedia,"National Bank of Uzbekistan (NBU) is a Uzbekistan bank established by the Uzbekistani government and is the largest investment institutions of the Central Asian region. Its primary mission is to service foreign trade operations, to increase the export potential of the republic and attract foreign investments. NBU combines the functions of project finance, universal commercial banking, investment and savings banks and is instrumental in the development of a market-oriented economy in Uzbekistan. It was the first bank in Uzbekistan to adopt International Financial Reporting Standards (IAS). It has a network of 96 offices giving it a nationwide presence catering to both corporate and retail clients and is ranked 862 in The Banker's Top 1000 world's largest banks. NBU has a subsidiary in Moscow called Asia-Invest Bank, which is one of the Top 200 Russian banks. The bank has relationships with 560 correspondent banks.",company,dbpedia_l2,0,926,63,63,0.6851,0.4738,133c52fff2eb2927f3acd48240f42dd41a62b226fb41ec6f87d582ed75362996
dbpedia:89,dbpedia,"The 2005–06 season saw Dynamo Dresden relegated from the 2. Bundesliga. After a strong start, they went on a run of 13 matches without a win, which put them in relegation danger and cost manager Christoph Franke his job. Former Austria international Peter Pacult took over, and made major changes to the squad in mid-season. Results improved, but Dynamo were unable to avoid the drop, finishing 15th.",sports team season,dbpedia_l2,0,400,63,63,0.8125,0.4082,d97bc279bd6494b82eafa131e58a78ee11d9c2ed9fbe3a606dbe1df2750eb947
dbpedia:90,dbpedia,"The Hoher List is a stratovolcano, 549.1 m above sea level (NN), near the town of Daun in the Eifel region. The hill is in the county of Vulkaneifel in the German state of Rhineland-Palatinate.",natural place,dbpedia_l2,0,193,63,63,0.6781,0.4063,9e1161da1a50a37276200d328df3a00ed30f35a7526fe13c6917c787d4407a67
dbpedia:91,dbpedia,"Paradoxa thomensis is a species of sea snail, a marine gastropod mollusk in the family Buccinidae, the true whelks and their allies.",animal,dbpedia_l2,0,132,63,63,0.7241,0.461,5965ff93db2226e2d0f380490cd85107bb5ce4a617e9d19b65870bb755a78e37
dbpedia:92,dbpedia,Herstatt Bank was a privately owned bank in the German city of Cologne. It went bankrupt on 26 June 1974 in a famous incident illustrating settlement risk in international finance. It led to the creating of the Basel Committee on Banking Supervision a committee comprises representatives from central banks and regulatory authorities to help find ways to avoid such risks in future.,company,dbpedia_l2,0,382,63,63,0.6851,0.4742,7d191b1d36bf8fcf3536c82978386eceb978c67aeb5fd9e07ddbc0d514050c30
dbpedia:93,dbpedia,"The Rocca di Novara (also called “Rocca di Salvatesta” and “Cervino di Sicilia”) is a peak in the Peloritani mountains, situated in the northeastern part of Sicily, between the territories of Novara di Sicilia and Fondachelli-Fantina. It has an elevation of 1,340 meters above sea level. It resembles a Dolomites peak and because of this and the panoramic view from its summit it is a popular mountain with tourists. A summit cross with a figure of Jesus lies at its top. An annual pilgrimage to the summit is made by Christians on 18 August to celebrate a mass. Pits used by ancient people to collect snow for the summer remain on its slopes.The walls of the mountain resemble a human face from a particular point of view and the ancient legend of buried treasure on it, discoverable by those who pass a series of trials, gives it an air of mystery. The mountain has been granted Site of Community Importance status.",natural place,dbpedia_l2,0,917,63,63,0.6781,0.4069,45b70f37089f9c9f9200a09ae99fde317e87e25974e5ddb5e532de97f1d7c3e6
dbpedia:94,dbpedia,"The Gadsden Correctional Facility is a private state prison for women located in Quincy, Gadsden County, Florida, operated by Management and Training Corporation under contract with the Florida Department of Corrections. This facility was opened in 1995 and has a maximum capacity of 1544 prisoners.",building,dbpedia_l2,0,299,63,63,0.6738,0.4522,4fd689deed872d8ac562972f9967a8b29310529c74ad00fa406a49e525a83c3b
dbpedia:95,dbpedia,"Karapet Karapetyan (Armenian: Կարապետ Կարապետյան, born 1982), also known as Karapet Papijan is an Armenian-Dutch kickboxer who competes in the super middleweight and light heavyweight divisions. A professional since 2002, Karapetyan established himself on the Dutch scene by becoming a national champion and having a short stint in the It's Showtime promotion before two ill-fated world title shots in 2012. He signed with Glory the following year. As of 2 November 2015, he is ranked the #3 welterweight in the world by GLORY.",athlete,dbpedia_l2,0,527,63,63,0.7351,0.4374,bbff6e282ceaf7ee390e8b0fb7e008f1d8b9b19b5743394638a93de5f8e94f4f
dbpedia:96,dbpedia,"The Retail Book Association is a trade union in the United Kingdom, representing workers at WHSmith. The union was founded in 1919 as the Retail Book, Stationery and Allied Trades Employees' Association. Its membership has always been around 2,000, and the majority of its members always worked for W. H. Smith, although at times it has included members from other newsagents and bookshops. Based in London for many years, it moved to Swindon when WHSmith's head office relocated there. From the 1980s it has undertaken activity under the name of the \""Retail Book Association\"", although the original title remains its officially registered name. In its early days, the union was led by a general secretary, the post held successively by V. H. Pain, R. V. Motts and A. J. Johnson. The union was affiliated to the Trades Union Congress for a period in the 1960s, but withdrew and instead linked with other unions through the General Federation of Trade Unions. It is no longer a member of either organisation. It has never had a political fund, but is entirely independent of WHSmith, representing members with grievances or who are subject to disciplinary action. It employs a full-time president and other members of staff.",organisation,dbpedia_l2,1,1225,63,63,0.7105,0.5074,dd16ea79a13cb7f8c519b340793d470d1dff9a5d7739a9ffeb5a9298b7ebf15a
dbpedia:97,dbpedia,"Inhumate are a French deathgrind and grindcore band. They started off as a death metal band in 1990 but with a line up change in 1993 where Stephane and Olivier left the band and were replaced by Valentin and Sebastien, the band's musical stile shifted towards grindcore. In their career they have played concerts with such band as Agathocles, Cannibal Corpse, Cryptopsy, Immolation, Sepultura, Malignant Tumour, Nile, Six Feet Under, Unholy Grave and Vader, in a total of 9 different European countries (France, Belgium, the Netherlands, Switzerland, Poland, Germany, Italy, Austria and the Czech Republic.",group,dbpedia_l2,0,607,63,63,0.7248,0.4821,f202779fd370b8ce9f41fbec8e44ef6a4f95d9b284444af3ba4b911c24f596da
dbpedia:98,dbpedia,"Sayyedati (26 January 1990 – August 2007) was a British Thoroughbred racehorse and broodmare. In a racing career which lasted from June 1992 to October 1995 she ran twenty-two times winning six races and being placed eight times. Sayyedati was one of the leading two-year-old fillies in Europe in 1992, recording Group One successes in the Moyglare Stud Stakes at the Curragh and the Cheveley Park Stakes at Newmarket Racecourse. After being beaten on her three-year-old debut, Sayyedati won the Classic 1000 Guineas. She went on to become a successful international performer over a mile, winning the Prix Jacques le Marois at Deauville in 1993 and the Sussex Stakes at Goodwood as a five-year-old. She was also placed in several major races including the Breeders' Cup Mile. Sayyedati was retired from racing to become a broodmare at the end of her five-year-old season.",horse,dbpedia_l2,1,872,63,63,0.6768,0.4976,4ecb3238bbf4d2bc37df695b8e1724822d6a4d5b3a8b705e44fa4cfefc662c3a
dbpedia:99,dbpedia,The Corriente de Renovación Independiente y Solidaridad Laboral (CRISOL) is a trade union in Bolivia. It is affiliated with the International Trade Union Confederation.,organisation,dbpedia_l2,0,168,63,63,0.7105,0.5074,336fa4ff597e95693181eefa7778171da5fee43da5ba59136dc29e7c9eaf62d8
dbpedia:100,dbpedia,"Beijing International MBA at Peking University or (BiMBA) (simplified Chinese: 北大国际; traditional Chinese: 北大國際; pinyin: Běidà Guójì) is both an internationally and nationally top-ranked graduate business school of Peking University in Beijing, China. It was founded in 1998 by Justin Yifu Lin as a collaboration between Peking University and a consortium of Jesuit universities, led by Fordham University in the United States. Vlerick Business School in Belgium joined BiMBA in 2008 and is currently the degree-granting university. BiMBA is operated by the National School of Development (NSD), formerly known as China Center for Economic Research at Peking University. The school offers a range of MBA programs from full-time, to part-time, and executive MBA programs. Current Dean of BiMBA Mr. Yang Zhuang said in an article with the Chinese news website money.163.com that the value of BiMBA's education lies in its \""internationalization\"". BiMBA has a very traditional Chinese atmosphere in terms of its building structures, however 30-40% of enrolled students in its full-time MBA program comes from abroad, and more than 80% has academic backgrounds from established foreign institutions. The diverse atmosphere coupled with a focus on smaller classes stimulates the students to reflect with one another and actively participate in class. BiMBA's full-time MBA program is consistently ranked 2nd by Forbes magazine for China's Best business school, and its part-time program is ranked second, only behind Peking University's older Guanghua School of Management. BiMBA was ranked 11th by QS Global 200 Business Schools 2012 in the Asia & Australia Region. Businessweek has called BiMBA program \""An MBA with a heart\"".",educational institution,dbpedia_l2,0,1724,63,63,0.6355,0.4326,8838b0fb97633d4e242e9328318096895caa6432a9f9960bea1a37006a011405
dbpedia:101,dbpedia,"Grajcarek is a minor river, a stream, at the foothills of the Small Pieniny. It starts at Jaworki, as the confluence of the Biała Woda and Czarna Woda streams. The river flows through Jaworki, Szlachtowa, and flows into the Dunajec in Szczawnica, just before the characteristic Kotuńka Rock, at an elevation of 430 metres. After the crossroads of the roads is a bridge, under which flows the river Grajcarek, after which the Pieniny Trail Road begins. The source of Grajcarek are considered to be at the source of Biała Woda, which is found at a height of approximately 950 metres. The basin area of the river is 85,5 km², the length from the source to the mouth of the river is about 15 km, with an average fall of 3.5%. The river flows in the general direction of East to the West of the valley, which is also the border between the Pieniny and Beskid Sądecki. Formerly Grajcarek was called Szczawnik. Later the river was called by the local population Szczawnicki Stream (Szczawnicki potok) or the Russian Stream (Ruski potok) (before Operation Vistula when the villages which were located around the river Szlachtowa, Biała Woda and Czarna Woda were inhabited by Russians, see Ruś Szlachtowska). The name of the river Grajcarek was given by tourists and bathers at the end of the 19th century.",stream,dbpedia_l2,1,1297,63,63,0.6696,0.4758,e7aff4609c2689f7c06497dd05c5a2cb76ebff1bfeb7cb9844d7fb104a58c65c
dbpedia:102,dbpedia,"Tanaka Castle (田中城 Tanaka-jō) is a Japanese castle located in Fujieda, central Shizuoka Prefecture, Japan. At the end of the Edo period, Tanaka Castle was home to a branch of the Honda clan, daimyō of Tanaka Domain.",building,dbpedia_l2,0,215,63,63,0.6738,0.4514,17e5d4db25d9466f4f6cb2c22c6c53d67a3b48f1cf1e11e2fbada7afb21cedee
dbpedia:103,dbpedia,"Simone Inzaghi (born 5 April 1976) is an Italian former footballer who played as a striker, and the current manager of S.S. Lazio. He played for a host of clubs during his professional career, including Piacenza and Lazio (where he remained for more than a decade, being used irregularly and being later sent on several loan spells). He gained three caps for Italy, during as many years.",sports manager,dbpedia_l2,0,387,63,63,0.7518,0.4399,33f60df02a36c2f8e41b8928a24ece48a0d9847bf883bd20ae14b620dd7eceb0
dbpedia:104,dbpedia,"The Cathedral of Málaga is a Renaissance church in the city of Málaga in Andalusia in southern Spain. It is located within the limits defined by a now missing portion of the medieval Moorish walls, the remains of which surround the nearby Alcazaba and the Castle of Gibralfaro. It was constructed between 1528 and 1782, following the plans drawn by Diego de Siloe; its interior is also in Renaissance style.",building,dbpedia_l2,0,407,63,63,0.6738,0.4514,ffdb178665af2a7d618f853043ca83e7a4a489d5f6b1a36990d6d2e657e64eac
dbpedia:105,dbpedia,Wedoquella is a spider genus of the Salticidae family (jumping spiders) from South America. The genus is closest to Phiale in its general appearance. Wedoquella reaches a body length of about 5 to 11 mm.,animal,dbpedia_l2,0,203,63,63,0.6429,0.461,a170d833cc17e748cb39ae44ab4eb1197342f7bcfb5a05b60a7b4508b0339b12
dbpedia:106,dbpedia,"Omega Lithium is a Croatian heavy metal band. Despite its origins, it is classified as a Neue Deutsche Härte band. The band was formed in 2007 and is signed to Drakkar Entertainment, a part of Sony BMG. The band's debut album, Dreams in Formaline, was released on 18 September 2009. The first single from the debut album was Stigmata. The single was played on the MTV rock chart  and peaked to the 4 place on the MTV Adria Rock chart, receiving a constant airplay for more than 2 months. The video appeared on other European and worldwide TV stations in their daily charts. On YouTube Stigmata received more than a quarter of a million views, which is the highest viewing number for a debut song in this genre. The band toured with the German folk metal band Subway to Sally on their \""Kreuzfeuer\"" tour from 18 to 30 December 2009. They headlined the 2nd stage on Metal Camp 2010, appeared on Wave Gothic Treffen and concluded the Dreams in Formaline tour with a performance on Metal Female Voices Fest 2010. On 26 February 2010 they announced that a North American version of the debut album Dreams in Formaline will be released by Artoffact Records on 6 April and will include a bonus track.",group,dbpedia_l2,0,1194,63,63,0.7248,0.4831,f7fd4bce877d262356cfd996034d981acd8b14e83ef0af9eddd719832e6902ab
dbpedia:107,dbpedia,Josip Mihalović (16 January 1814 – 19 February 1891) was a Croatian Cardinal of the Roman Catholic Church and Archbishop of Zagreb.,cleric,dbpedia_l2,0,131,63,63,0.6925,0.4778,8609e6c1b94e0ec589ad03f975c035d676a8484da017c39a45f02f2f1b864053
dbpedia:108,dbpedia,"The Hopman Cup XXIX is the 29th edition of the Hopman Cup tournament between nations in men's and women's tennis. It will take place at the Perth Arena in Perth, Australia. The defending champions are Australia. 2001 champion Roger Federer will be making his first appearance in fifteen years, alongside Belinda Bencic.",tournament,dbpedia_l2,1,319,63,63,0.7323,0.5151,9b6d2c0b1ed41b679585b701d67115b24874510f817bc467c66ef97c6baefae2
dbpedia:109,dbpedia,"The Montreal Crystals (Crystals Hockey Club) were an ice hockey team based in Montreal, Quebec, Canada that existed from 1885 to 1895. One of the first established ice hockey teams, the Crystals played various challenges against other clubs in the early days of ice hockey competition. They won the Canadian championship in 1886, defeating Quebec, which withdrew due to numerous injuries in the final game. Later that year the Crystals helped to found the Amateur Hockey Association of Canada where they played the first five seasons. The club won the championship in 1887, defeating the Montreal Victorias in the last challenge of the season. The team played further challenges for the championship from 1888 through 1891. For the 1890 season, the club became known as the Montreal Dominions (Dominion Hockey Club). In 1891 they became known as the Montreal Crescents (Crescents Hockey Club). The team sat out the 1892 season. In 1893 they returned to the league and returned to their original name of Montreal Crystals. In February 1895, the Crystals were purchased by the Shamrocks Amateur Athletic Association, and were merged into the dormant Montreal Shamrocks Hockey Club, who were then revived replacing the Crystals in the AHAC. The club took their various names from the rinks they played in. The Crystal Palace Skating Rink from 1885-1889. The Dominion Rink in 1890, and the Crescent Skating Rink in 1891. When the team moved to the Victoria Skating Rink in 1893, they reverted to their original name of Montreal Crystals, since they couldn't use the Victoria's name because of the Montreal Victorias.",sports team,dbpedia_l2,0,1612,63,63,0.8475,0.445,c5aa6c2762ce08925c4543b7c98410a32285942ce3f9885b2386c267b456a865
dbpedia:110,dbpedia,"On order, the 368th Military Intelligence Battalion provides well trained and equipped soldiers who conduct many counterintelligence activities, to meet the operational intelligence requirements of Combatant Commands and the United States Intelligence Community. Their mission is to provide intelligence and electronic warfare (IEW) operations support for the 501st Military Intelligence Brigade in support of the Korean Theater. In peacetime, the battalion provides global Human Intelligence (HUMINT), Signals Intelligence (SIGINT), and Imagery Intelligence (IMINT) support to Army operations.",organisation,dbpedia_l2,0,594,63,63,0.7665,0.5067,2a5d91b82b0aee8bebc3518d8ab4becd0006bacb77a29066e9f506f26c7f513b
dbpedia:111,dbpedia,"Christopher George Arthur Collier (23 August 1886 – 25 August 1916) was an English cricketer: a right-handed batsman and right arm slow bowler who played 53 first-class matches in the years before the First World War. 52 of these were for Worcestershire, with the one exception being the match he played for H. K. Foster's XI in 1912. In all he scored 1,021 runs at 12.92 and took ten wickets at 36.90. Collier's first-class debut came against Warwickshire at Worcester in mid-May 1910. He did little with the bat, scoring 10 and 2, and did not bowl.Indeed, he did not send down a single ball in first-class cricket that season.His first wicket, in late May 1911, was that of Oxford University's opener Richard Twining, and he finished with five in the match. He played fairly frequently for Worcestershire over the following three years, turning out in 45 matches between 1911 and 1914. He also played one match for H. K. Foster's XI against Oxford University in 1912, in which he claimed a career-best 3/28 in the first innings.Later that same summer, Collier also made his only half-century, hitting 72 for Worcestershire against Hampshire.He also occasionally acted as scorer when not playing. During World War I he served a staff Sergeant in the Royal Army Ordnance Corps and was killed in action in the Battle of the Somme near Mametz, France two days after his 30th birthday.",athlete,dbpedia_l2,0,1382,63,63,0.7476,0.4374,06ee8593f9acce256bdec6479b714529838900a4dcb4918d86eed46702869fa9
dbpedia:112,dbpedia,"Alexius Meinong Ritter von Handschuchsheim (17 July 1853 – 27 November 1920) was an Austrian philosopher, a realist known for his unique ontology. He also made contributions to philosophy of mind and theory of value.",person,dbpedia_l2,0,216,63,63,0.6904,0.4924,023cdc178a9c30e0cadce99e25ccc002cd9be8586167d49c76cb6458a14b0749
dbpedia:113,dbpedia,"Icahn Stadium is a 5,000 seat track and field and multipurpose facility located on Randalls Island in the borough of Manhattan in New York City. Designed within the former site of Downing Stadium, the complex opened on April 23, 2005 and is named after American businessman Carl Icahn who made a $10 million donation towards the construction of the new stadium. It features an International Association of Athletics Federations (IAAF) Class 1 certified running track with a 400-meter Mondo Super X Performance surface. It has been the site of many international, national, and regional track and field events. Annually, it hosts the Adidas Grand Prix competition of the IAAF Diamond League. It also host several sports and is the part-time home for the New York Lizards of Major League Lacrosse.",sport facility,dbpedia_l2,0,795,63,63,0.749,0.4081,a83aac753c25e98ffcda245b8d60be9b922d7c323a80104d20f4478b8a011b55
dbpedia:114,dbpedia,"Rafael Conti Flores, also spelled \""Conty\"" (1746–1814) was a Colonel in the Spanish Army who was in charge of the Puerto Rican Militia in the town of Aguadilla. In 1790, he captured 11 enemy ships involved in smuggling stolen goods. In 1797, he helped defeat Sir Ralph Abercromby and defend Puerto Rico from a British invasion in Aguadilla. In 1809, he organized a military expedition fight with the aim of returning Hispaniola, which now comprises the nations of the Dominican Republic and Haiti, back to Spanish rule.",person,dbpedia_l2,0,520,63,63,0.6904,0.4924,2402f72167ef527b2952e22a97a73daa3d84c362a139e5be8e3c1df91fa8e081
dbpedia:115,dbpedia,"Lester Smith Barnard (October 25, 1894 – June 1, 1985) was the head coach of the University of Memphis (1922) and Central Michigan University (1924–1925) college football program. He also coached their basketball programs. He was a twin brother of Chester S. Barnard. In 1985, he died at the age of 90 in California.",coach,dbpedia_l2,1,316,63,63,0.7432,0.4876,925372225e864608b1b5818651df909b28f4c179e1cb61342ae11cae13f3f48c
dbpedia:116,dbpedia,"The 1960 Philadelphia Eagles season was their 28th in the National Football League, and culminated in the Eagles' defeat of the Green Bay Packers in the NFL championship game to win their third league title. The victory over the Packers was also the first and only playoff defeat of the great Vince Lombardi's coaching career..The 1960 season was the Eagles' first postseason appearance since their last NFL championship season of 1949. It was their only postseason appearance in the 28 seasons from 1950 to 1977.",football league season,dbpedia_l2,0,513,63,63,0.7244,0.4242,94fecc8d4da3ddb87e84620cbc88727fa6426d8c625d354c73cf872f326dac59
dbpedia:117,dbpedia,"Nordic Regional Airlines Oy, (trading as Norra) (often stylized as N°rra), and previously known as Flybe Nordic, is a Finnish airline owned by Finnair. The airline began operations on 20 October 2011 as a joint venture between Flybe and Finnair, following their acquisition of Finncomm Airlines. Flybe sold its 60% to Finnair as a temporary solution at a price of one euro (€1) in March 2015. Ownership negotiations with StaffPoint and G.W. Sohlberg are still under way. The airline has operated under Finnair's flight code since 1 May 2015.",company,dbpedia_l2,0,541,63,63,0.6851,0.4742,9adba9a3307bb7978b51300e3a0cf4eac6184280fe335d62d31b75f68c0945a4
dbpedia:118,dbpedia,"The Gabo Island Lighthouse is an active lighthouse located on Gabo Island, Victoria, Australia.",tower,dbpedia_l2,0,95,63,63,0.7237,0.5109,a9176cb2886e00284def6c7873f832b56281c4b0028ad1732b50142aa5df250b
dbpedia:119,dbpedia,"William B. Tabler Sr. (October 28, 1914 – February 3, 2004) was an American architect who designed more than 400 hotels. He was best known for giving Hilton hotels the clean but sometimes stark face of corporate America, most notably in the 46-story slablike New York Hilton near Rockefeller Center.",person,dbpedia_l2,0,299,63,63,0.6904,0.4924,e7f8182b04b12b1a235720898334d8d326ad426f7306133b3038fed7e0d5ee36
dbpedia:120,dbpedia,"The Geelong West Football Club is an Australian rules football club which played in the Victorian Football Association (VFA) from 1963 until 1988. Geelong West, nicknamed the 'Roosters', wore white and red during their time in the Association. Following a merger in 1989, the club competed as Geelong West-St Peter's in the Geelong Football League, fielding teams in all age groups from under-9s to seniors. The club will merge with the Geelong West Sports Club at the end of 2016 to form the Geelong West Giants.",sports team,dbpedia_l2,0,513,63,63,0.8475,0.445,709ba41ce6bee9ee3429679c4c77187e2b13b67fc18be3ab31f44e04c724a2ae
dbpedia:121,dbpedia,"City of York Council is the local authority of the City of York, England. It is a unitary authority, having the powers of a non-metropolitan county and district council combined. It provides a full range of local government services including Council Tax billing, libraries, social services, processing planning applications, waste collection and disposal, and it is a local education authority.",organisation,dbpedia_l2,0,395,63,63,0.7665,0.5067,d7142ee3d8ad23a0a47b638f01d7433be2f48a4ca9723255399879b47d240516
dbpedia:122,dbpedia,"My Babu (1945–1970) was a French-bred Thoroughbred racehorse who became one of the most influential sires in American breeding of show jumpers, eventers and hunters. His descendants include Bruce Davidson's former eventing mount JJ Babu, Anky van Grunsven's dressage horse Bonfire, and puissance and grand prix jumper Sympatico. Also, the grand prix jumper Napur is related to him through his sire Damascus dam Kerala. My Babu was the sire of Kerala, and therefore one of Napur's grandsires.",horse,dbpedia_l2,1,491,63,63,0.6768,0.4976,c70ca38349fcc4c3e07ca65b4abb7a7a0b902c318ae2a0d92302bd5c5f42c53a
dbpedia:123,dbpedia,"Swan's Island is an island town in Hancock County, Maine, United States. It is named after Colonel James Swan of Fife, Scotland, who purchased the island and some surrounding areas and organized their colonization in the eighteenth century. The population was 332 at the 2010 census. The town is accessible by ferry from Bass Harbor. The island has a summertime population of approximately 1,000. There is a general store on the island, which opened in spring 2007, and at least one inn. There are also a number of small cottage-industry shops. The main industry is lobster fishing, which employs 40 people full-time and many others in part-time work. Swan's Island is also home to the Sweet Chariot Music Festival, an annual summertime show of folk music and sea shanties.",settlement,dbpedia_l2,0,773,63,63,0.6863,0.5044,e6d414176a85b6a1808ff66360cfd1018a0d8b0c84921fcfe4efc66466b7c020
dbpedia:124,dbpedia,"Raharilamboniaina was born in Ambohijanahary, Madagascar, on 20 January 1968. On 8 September 1990, at the age of 22, he professed his vows as a member of the Discalced Carmelites, and was ordained a priest of the order on 5 July 1997. On 26 February 2010, at the age of 42, Raharilamboniaina was appointed Bishop of Morondava, and was consecrated bishop on 16 May 2010, making him one of the youngest living bishops. Bishop Donald Joseph Leo Pelletier served as his principal consecrator, and Archbishop Fulgence Rabeony and Bishop Gilbert Aubry.",cleric,dbpedia_l2,0,546,63,63,0.671,0.4778,915bb17d74d2922bc509f6d6ae61984104251ab672bc87b914f0892b1ade102e
dbpedia:125,dbpedia,"Music & Arts is a classical and jazz record label founded in Berkeley, California by Frederick Maroth. It began in 1984 as a classical music label before adding jazz and world music. The catalog includes classical composers and musicians Milton Babbitt, John Cage, Elliott Carter, Aaron Copland, George Crumb, Henry Cowell, David Del Tredici, Lukas Foss, John Harbison, Lou Harrison, and Leon Kirchner. The jazz roster includes Anthony Braxton, Tim Cobb, Marilyn Crispell, Andrew Cyrille, Joe Fonda, Georg Gräwe, Julius Hemphill, Gerry Hemingway, Larry Ochs, Ivo Perelman, Paul Plimley, John Rapson, Ernst Reijseger, String Trio of New York, and Reggie Workman. Music & Arts is a daughter company of Music and Arts Programs of America and in distributed by Naxos in the United States.",company,dbpedia_l2,1,784,63,63,0.6851,0.4739,ae147a70b00f62e3eacf8fac5cf26775d8d9019aed089b5b30a9b3ba723c7a14
dbpedia:126,dbpedia,"WGEM-DT3 is the Fox-affiliated television station for the Tri-States area of Western Illinois, Northeastern Missouri, and extreme Southeastern Iowa. It is a third digital subchannel of NBC affiliate WGEM-TV, which is owned by Quincy Media. Over-the-air, the station broadcasts a digital signal on VHF channel 10.3 from a transmitter east of the city on Cannonball Road near I-172. Known on-air as WGEM Fox, the station can also be seen on Mediacom channel 2 in Iowa, US Cable channel 12 in Missouri, and Comcast channel 18 in Illinois. It is offered in high definition on Comcast digital channel 383 and Mediacom digital channel 802. WGEM-DT3's parent station has studios in the Hotel Quincy on Hampshire Street in Downtown Quincy.",broadcaster,dbpedia_l2,0,731,63,63,0.7884,0.4844,b9b8012358032fed9c72c6ce7c7efc65bd11d19e1e3a107f68bee7006670d298
dbpedia:127,dbpedia,Varlam Liparteliani (Georgian: ვარლამ ლიპარტელიანი; born 27 February 1989) is a Georgian judoka.,athlete,dbpedia_l2,0,96,63,63,0.7351,0.4375,61066612929823f5ef126ad6a4336fdb0e0af5341e5b23b8e560cab3c2898416
dbpedia:128,dbpedia,"Nyuzim (Russian: Нюзим) is a river in Perm Krai and Komi Republic, Russia, a right tributary of the Kolva River, which in turn is a tributary of the Vishera River. The river is 21 kilometres (13 mi) long. It starts in the Komi Republic, near the border with Perm Krai. Its mouth is 277 kilometres (172 mi) from Kolva's mouth, east of the rural locality of Nyuzim.",stream,dbpedia_l2,0,363,63,63,0.6696,0.4769,e84affa0f1b687aaa11d8bf765872377d80215b5590d96344a59ea6ed981a189
dbpedia:129,dbpedia,"Hancock Township is one of twenty-five townships in Hancock County, Illinois, USA. As of the 2010 census, its population was 255 and it contained 129 housing units. It was formed from Fountain Green and St. Mary's townships on April 27, 1855.",settlement,dbpedia_l2,0,242,63,63,0.6863,0.5047,7fa5a9e9cc4715f42dba422535e4e14839a44bfcdce3cd48862360d1e572ae71
dbpedia:130,dbpedia,"Roman Catholic Church of St Casimir is a Lithuanian church located in Bethnal Green, London, E2 9DT.",building,dbpedia_l2,0,100,63,63,0.6738,0.4522,d0b57d7858458db395cc77b5ad7ad0d5124ba9cc1c88a8063f3362e93d7f3889
dbpedia:131,dbpedia,"Vespasiano Strada (1582–1622) was an Italian painter and engraver of the early-Baroque period, mainly active in Rome. His biography is summarized by Giovanni Baglione. He was born of Spanish parentage in Rome. He worked chiefly in fresco, and had embellished the churches and public edifices at Rome with several of his historical paintings. He painted for the cloister of the monastery of Sant' Onofrio, and for the church of Santa Maria Maddalena in Campo Marzio, the Visitation of the Virgin Mary to St. Elisabeth, and the Adoration of the Shepherds. He died at Rome, at the age of thirty-six years, in the pontificate of Pope Paul V.",artist,dbpedia_l2,0,637,63,63,0.8172,0.4673,a31a8edbe7c7bc71a4f85f477939e01c75ab407e54ad98426dbb68c0ae146627
dbpedia:132,dbpedia,"Isaiah Jamar Thomas (born February 7, 1989) is an American professional basketball player for the Boston Celtics of the National Basketball Association (NBA). The 5-foot-9-inch (1.75 m) point guard played three years of college basketball for the Washington Huskies and was a three-time all-conference selection in the Pac-10. After electing to forgo his senior year in college, Thomas was selected by the Sacramento Kings with the final pick in the 2011 NBA draft. In 2016, he was named an NBA All-Star for the first time.",athlete,dbpedia_l2,0,523,63,63,0.7476,0.4374,8c6771dc97729657c82df92098e1c4b814e0a455cce6d57c7b793565461cb0d1
dbpedia:133,dbpedia,"\""The Wreckoning\"" is a song recorded by Boomkat for their debut album Boomkatalog.One (2003). It was released as the album's first single (see 2003 in music). It was a #1 hit on Billboard’s Hot Dance Club Play chart, and is considered as Boomkat's signature song. \""The Wreckoning\"" can be heard in the movie, The Italian Job. The song was written about Taryn Manning's failed relationship. She confirmed this in the song lyrics of \""Crazylove\"" by singing: \""I used to be crazy in love with someone crazy as me, Course we broke up so then I wrote The Wreckoning.\""",musical work,dbpedia_l2,0,566,63,63,0.8192,0.4553,41e5948ab2ad91910f7edc9d061bbcd6b868821def6b27f2ad7ec5418e0b9528
dbpedia:134,dbpedia,"The 1925 Milwaukee Badgers season was their fourth in the National Football League. The team failed to improve on their previous league record of 5–8, losing all their games. They tied for sixteenth place in the league. The end of the Badgers season was centered on a team scandal with the Chicago Cardinals. The scandal involved a Chicago player, Art Folz, hiring a group of high school football players to play for the Milwaukee Badgers, against the Cardinals. This would ensure an inferior opponent for Chicago. The game was used to help prop up their win-loss percentage and as a chance of wrestling away the 1925 Championship away from the first place Pottsville Maroons. When NFL President Joseph Carr learned high school players had been used in a league game, he told reporters the 59–0 Cardinals win would be stricken from the record. However, the league had never got around to removing it and the game is still a part of the NFL records. Cardinals' owner Chris O'Brien was also fined $1,000 by Carr for allowing his team play a game against high schoolers, even though O'Brien claimed that he was unaware of the players' status. Finally Badgers' owner, Ambrose McGuirk, was ordered to sell his Milwaukee franchise within 90 days. Folz, for his role, was barred from football for life. However, by the summer of 1926, the $1,000 fine against O'Brien was rescinded, probably since the amount would have put the Cardinals out of business. McGuirk though had already sold his Badgers franchise to Johnny Bryan, a fullback with the Chicago Bears. Two of the high school football players used in scandal even earned high school all-star recognition at the end of their season. Art Folz reportedly told the high schoolers that the game was a \""practice game\"" and would in no part affect their amateur status. The scandal did have implications for the 1925 NFL Championship, when the Pottsville Maroons had their title removed by the NFL for playing in an unsanctioned game against the Notre Dame All-Stars. To this day, Pottsville residents and supporters still demand to know why Chicago was awarded the title even though they too were found by Carr to have violated the NFL's rules.",football league season,dbpedia_l2,0,2189,63,63,0.8033,0.4242,5d33f7316d4cead5288f1ba6d1ffc0aa7f924ec15835df9bc2f96905321dcd48
dbpedia:135,dbpedia,"Alan Joseph Faneca (/ˈfænᵻkə/; born December 7, 1976) is a former professional American football player who was a guard in the National Football League (NFL) for thirteen seasons. He played college football for Louisiana State University (LSU), and earned consensus All-America honors. He was drafted by the Pittsburgh Steelers in first round of the 1998 NFL Draft, and played professionally for the Steelers, New York Jets and Arizona Cardinals of the NFL. An eight-time All-Pro and nine-time Pro Bowl selection, Faneca won a Super Bowl ring with the Steelers in Super Bowl XL, defeating the Seattle Seahawks.",gridiron football player,dbpedia_l2,0,610,63,63,0.7176,0.394,0643bc00b935a75c75a05981893df41fe661cb8771344e03ebec8b8e4f59fdf9
dbpedia:136,dbpedia,"DMAX is a TV channel in the United Kingdom and Ireland. Discovery announced on 22 November 2007, that they would launch a version of DMAX in the UK and Ireland market on 8 January 2008 after its initial success in Germany. In addition, the timeshift service DMAX +1 has also been available on Sky since the launch. A two-hour timeshift channel named DMAX +2 launched on Sky on 1 April 2008. Another timeshift channel named DMAX +1.5 launched on Sky on 18 August 2008. DMAX +1.5 was closed down on 2 November 2009 when Quest +1 launched. DMAX +2 closed on 30 April 2013 on Sky when TLC launched on channel 125 and Challenge was relocated to channel 145, which had been DMAX +1. DMAX +1 moved to Sky channel 238 as TLC +1 launched on channel 195, which had been DMAX +2. As of August 2014, DMAX +1 is on channel 233. On 16 July 2015, DMAX moved from 144 to 167 on Sky, switching places with sister channel Quest.",broadcaster,dbpedia_l2,0,910,63,63,0.7884,0.4858,c5d9fc0f7fc9b930dc27872b0586a5dd6bfea561c2f3ab4816c8b0f5f28959b7
dbpedia:137,dbpedia,"Mookie Tenembaum (born 1955) is an Argentine born polymath; philosopher, lawyer, inventor, conceptual multidiciplinary artist and a radio host. Tenembaum's philosophy, first published under the title \""Disillusionism\"" in 2012, revolving around original concepts like \""Autothanatodeimia\"", \""Illusions\"" and \""Anti-Forms\"", introduces original and critical perspectives on human behavior and organization. Tenembaum's work reflects his views on the State, freedom, and ecology. For instance, he placed a ton of ice in the Plaza de Mayo in Buenos Aires and named it Placebo. He also caused controversy by publicly projecting on the chest and backs of six half naked ballerinas two video spots one a popular Coca Cola TV ad in which a Polar Bear played with a baby seal and shared a Coke with it while in the opposite one a Polar Bear hunts and blodily devours a baby seal, he named the piece Bearshit. Since December 2015, Tenembaum leads a morning radio show called El Observador Internacional, in which he analyses the landscape of international politics. It is delivered by Radio Jai, an Argentine-Jewish radio station.",person,dbpedia_l2,0,1122,63,63,0.6904,0.4924,0adf6a2295700bba6859894e1d7267a3f0df12b9529dcaba514fc91bafefca89
dbpedia:138,dbpedia,"Deutsche Welle (German pronunciation: [ˈdɔʏtʃə ˈvɛlə]; \""German Wave\"" in German) or DW is Germany's public international broadcaster. The service is available in 30 languages in order to further promote German culture and interests to an international audience. DW's satellite television service consists of channels in English, German, Spanish, and Arabic. DW also offers regularly updated articles on its online news website and runs its own center for international media development, DW Akademie. The broadcaster's stated goals are to convey Germany as a \""liberal, democratic state based on the rule of law\"", to produce reliable news coverage and to provide access to the German language. Deutsche Welle has been broadcasting since 1953. It is headquartered in Bonn, where its radio programmes are produced. Television broadcasts are produced almost entirely in Berlin. The responsibility for DW's news website is shared between the two locations. Around 3,000 people work for Deutsche Welle in over 60 countries. According to DW, its output reaches 100 million people worldwide every week. The broadcaster's director general is Peter Limbourg.",broadcaster,dbpedia_l2,1,1151,63,63,0.7443,0.4855,713ad191718d96e14b852f1cbf178ebb0d146d32e893d7c7635c9d288f004590
dbpedia:139,dbpedia,"The Diocese of Cremona (Latin: Dioecesis Cremonensis) is a Roman Catholic ecclesiastical territory in northern Italy, a suffragan of the Archdiocese of Milan. Its see is the Cremona Cathedral.",clerical administrative region,dbpedia_l2,0,192,63,63,0.6218,0.4393,80c87077425732149d49ce75e523f3f7126e6752210cec05d9dd529700cc963f
dbpedia:140,dbpedia,"Apollinaris of Ravenna (Italian: Apollinare) is a Syrian saint, whom the Roman Martyrology describes as \""a bishop who, according to tradition, while spreading among the nations the unsearchable riches of Christ, led his flock as a good shepherd and honoured the Church of Classis near Ravenna by a glorious martyrdom.\""",cleric,dbpedia_l2,0,320,63,63,0.671,0.4778,c7ca31298f17dddd7ba1e3a4d90c3063b686b9cf2eec6a174a0934cc7cf6acd3
dbpedia:141,dbpedia,"Inese Jastrebova (born 19 December 1997) is a Latvian group rhythmic gymnast. She represents her nation at international competitions. She competed at world championships, including at the 2014 World Rhythmic Gymnastics Championships.",athlete,dbpedia_l2,0,234,63,63,0.7476,0.4375,8ed81d9a2db2791563cad11dfe0d8dfeafa04f2486072ae2b9a713b51ab54d42
dbpedia:142,dbpedia,"Banco de Chile (Bank of Chile), is a Chilean bank and financial services company with headquarters in Santiago. It is a commercial bank that provides a complete range of financial services to a client base, which includes large corporations, SMEs and private clients. As of December 31, 2012, Banco de Chile has a national network of 434 branches, 1,915 ATMs and other electronic channels of distribution. According to 2013 year end figures, it is the second biggest banking group in Chile by total assets, behind Banco Santander-Chile and ahead of BBVA Chile and has a market share of 19% in terms of loans. It is the biggest bank in the country by total earnings (USD 978 million). Since 2008, it has been jointly controlled by the Chilean conglomerate Quiñenco group and US bank Citigroup. Operations are organized around six main commercial divisions: large corporations, SMEs, private clients, consumer finance, international banking and capital markets. Additionally, subsidiaries offer securitization, securities brokerage, mutual investment and bottomry, insurance and factoring, among others. Outside Chile, the Bank has had a branch in New York for more than 20 years and has branches in Miami, São Paulo, Buenos Aires, Mexico City and Hong Kong providing international services.",company,dbpedia_l2,1,1289,63,63,0.6851,0.4739,f3d81a4f6f60ef67b468cedea25d1696e78746dc6bf51da4d97e5a2cf483ea63
dbpedia:143,dbpedia,The Serbian Renewal Movement (Serbian: Српски покрет обнове / Srpski pokret obnove) is a monarchist political party in Serbia.,organisation,dbpedia_l2,0,126,63,63,0.7665,0.5067,83d576178432b774ef6542a02900c7153ae3ad09cc0168a69a79f1d64aa2381c
dbpedia:144,dbpedia,"The First Battle of Tabasco was fought during the Mexican–American War, in October 1846, in an attempt to capture cities along the Tabasco coast.",societal event,dbpedia_l2,0,145,63,63,0.75,0.4855,6fd53a0b533f85c98fff84de52f4d16f730e79756e1c1e5ee03e202e4d8f5ab5
dbpedia:145,dbpedia,Mulla Asgarali Jaffer (Persian: ملا اصغرعلی جعفر‎‎) was the leader of the Khoja Shia Athnā‘ashariyyah Community.,politician,dbpedia_l2,0,112,63,63,0.7275,0.4719,a0085340b4e7e1e8ff8a19a0f808ffc0289545710ec60645518fe7c9de299a7c
dbpedia:146,dbpedia,"At the Battle of Ampfing on 1 December 1800, Paul Grenier's two divisions of the First French Republic opposed against the Austrian army southwest of the town of Ampfing during the French Revolutionary Wars. The Austrians, under the leadership of Archduke John of Austria, forced their enemies to retreat, though they sustained greater losses than the French. Ampfing is located 63 kilometers (39 miles) east of Munich and 8 km (5.0 mi) west of Mühldorf am Inn. In Spring 1800, while Moreau wrecked Austrian defenses in Germany, Generals Massena and Desaix ran into stiff Austrian offensives in Northern Italy. In June, Napoleon brought in the reserve corps and defeated the Austrians at Marengo. On the Danube, the decisive Battle of Höchstädt, followed by success at Battle of Neuburg a few days later, allowed the French to take Munich and to control the Danube and its tributaries as far as Ingolstadt. With the French pressing on Austria from the north and through Italy, a truce ended hostilities for the rest of the summer. Despite these significant losses—both of them decisive—the Austrians were reluctant to accept disadvantageous peace terms. After the expiration of the summer truce in November 1800, both the Austrian and French armies rushed to come to grips with each other in the terrain east of Munich. The newly appointed commander of Austrian forces, Archduke John, managed to bring the bulk of his army against Grenier's left wing of Jean Moreau's French army near Ampfing. Outnumbered, two French divisions fought a stubborn rear guard action for six hours before retreating in good order. Instead of being sobered by their 3,000 casualties, Archduke John and his staff became convinced that the enemy was on the run. The Austrian general ordered a pursuit of the French through forested terrain. But, instead of fleeing, Moreau and his troops were waiting for the Austrians. The two armies met in the decisive Battle of Hohenlinden two days later.",societal event,dbpedia_l2,0,1969,63,63,0.75,0.4699,7f683e684894876bd5a042114f86fc41582d0d7605b495812d41ab6a0a8b8eef
dbpedia:147,dbpedia,"John Ellis (born 20 September 1948) is a former Australian rules footballer who played with Essendon in the Victorian Football League (VFL). Ellis spent some time in the Essendon reserves, after coming to the club from Keilor. He made just four senior appearances in 1967 but didn't miss a game in 1968, playing all 20 home and away fixtures and three finals. In the 1968 VFL Grand Final, which Essendon lost, Ellis played as a centreman. He kicked 23 goals during 1968 season and also polled well in the Brownlow Medal, with eight votes, the second most by an Essendon player. Essendon cut Ellis from their list during the 1971 season after failing to have much of an impact in the previous three seasons. He had missed a lot of football in 1969 due to a serious knee injury and was unable to recapture the form he showed in 1968. After playing briefly for the Footscray reserves in 1971, Ellis ended the year with WANFL club Perth. Ellis made a total of 40 appearances for Perth and then, in 1974, went to Queensland, where he captain-coached Sandgate. He led them to the 1974 QAFL premiership and in 1976 he finished second in the Grogan Medal. He spent the 1977 season with Cooee in Tasmania, meaning he had played at highest level in four different states. In 1978 was appointed captain-coach of Dandenong in the Victorian Football Association and steered them to fourth position on the ladder. He joined Watsonia in 1979 and won that year's Frank Smith Medal, as the \""Best and Fairest\"" player in the Diamond Valley Football League.",athlete,dbpedia_l2,0,1539,63,63,0.7476,0.439,96c3f275045c3253435b2b5879706757efaf2b39ea9c2113220f3df791bd55a0
dbpedia:148,dbpedia,"Instituto Tecnológico y de Estudios Superiores de Monterrey (ITESM) (in English: Monterrey Institute of Technology and Higher Education), also known as Tecnológico de Monterrey or simply as Tec, is a private, nonsectarian and coeducational multi-campus university based in Monterrey, Mexico. Founded in 1943 by leading regional industrialists, ITESM has since grown to include 31 campuses in 25 cities throughout the country and its wealth, influence and widespread recognition have made it one of the most prestigious universities in the Spanish speaking world. One of the most academically recognized universities in Latin America. It is also known for its strong reputation amongst employers. ITESM is known for becoming the first university ever connected to the Internet in Latin America and the Spanish-speaking world, having one of the top graduate business schools in the region and being one of the leaders in patent applications among Mexican universities.",educational institution,dbpedia_l2,0,966,63,63,0.6355,0.4326,b3bcee40f93990e891bf1fbd0fe5062da9585dd8ba6bb8f1b060d975e8795d00
dbpedia:149,dbpedia,"Paulton Memorial Hospital is a small community hospital located in the village of Paulton, Somerset, approximately 12 miles from the City of Bath, managed by Sirona Care & Health There are 28 beds for inpatients in the hospital ward including 6 single rooms and the largest bay having 6 beds. An outpatient service operates 5 days a week Monday to Friday. Bath and North East Somerset Primary Care Trust contracted in Consultants time from 2 local acute trusts to provide specialist local outpatient service. The hospital also has other specialists offering advice (i.e. Diabetic Nurse Specialist, Continence Advisors) and a one stop INR clinic weekly and diagnostic ultrasound scans once or twice weekly. Since 1949 the Memorial Hospital has also provided a maternity unit, managed by Royal United Hospital Bath NHS Trust which performs approximately 180 deliveries a year providing midwifery care during pregnancy, birth and the postnatal period.",building,dbpedia_l2,0,948,63,63,0.6738,0.4514,0d1c3acc8f9feb13977ccf2726ee3528aa7db5eae1ef3d8c353b4c4febc691ea
dbpedia:150,dbpedia,An election to Sligo County Council took place on 10 June 1999 as part of that year's Irish local elections. 25 councillors were elected from five electoral divisions by PR-STV voting for a five-year term of office.,societal event,dbpedia_l2,0,215,63,63,0.75,0.4855,7480aaf4f78d5f42ac8715b20435bed1bb2ee10b87704e617ff2df98485e7bb1
dbpedia:151,dbpedia,"General elections were held in Kenya on 27 December 2002. They saw the end of the long-standing dominance of the Kenya African National Union, which had governed the country since independence in 1963, including 23 years as the only legal party. Mwai Kibaki of the National Rainbow Coalition was elected president, while the National Rainbow Coalition won a majority in the National Assembly. They were the first truly free general elections held in Kenya since independence in 1964; a number of by-election were held in 1966 before the onset of de facto one-party rule in 1969.",societal event,dbpedia_l2,0,578,63,63,0.75,0.4855,38b51999f43deb19c68ff03b9d08f6c037a3804317209b82038c1b8d8558819f
dbpedia:152,dbpedia,"Ouided Kilani (born 1982) is a Tunisian team handball player. She plays on the Tunisian national team, and participated at the 2011 World Women's Handball Championship in Brazil.",athlete,dbpedia_l2,0,178,63,63,0.7476,0.44,e007a11cfd22f77963f09c7877064c359299663f5e1e3db8459f28b3a95f6fe9
dbpedia:153,dbpedia,"The 2016 London mayoral election was held on 5 May 2016 to elect the Mayor of London, on the same day as the London Assembly election. It was the fifth election to the position of Mayor, which was created in 2000 after a referendum in London. The election used a supplementary vote system. The election was won by Labour Member of Parliament (MP) for Tooting, Sadiq Khan, who polled 56.9% of the votes in the head-to-head second round of voting over Conservative MP for Richmond Park, Zac Goldsmith. Goldsmith was more than 25% ahead of the next candidate in the first round of voting, as part of a record field of twelve candidates. This was the first election to not feature either of the two previous holders of the office, Ken Livingstone and Boris Johnson, who had run against each other in 2008 and 2012. Johnson, as incumbent mayor, had chosen not to stand for re-election for a third term in office, having been elected as the Conservative Party MP for Uxbridge and South Ruislip at the 2015 general election. The campaign was dominated by the personal battle between Goldsmith and Khan, and their contrasting class and ethnic backgrounds. Through his victory, Khan became the second Labour Party Mayor of London after Livingstone, and the first Muslim mayor of a European Union capital city.",societal event,dbpedia_l2,0,1300,63,63,0.75,0.4699,12e003e79ce9991f52fe740cd79618f7ec8b3f0573b0a37e7c98ab48d4485b51
dbpedia:154,dbpedia,"Lewis Roca Rothgerber Christie is a U.S. law firm, with approximately 300 attorneys in ten offices in Arizona, California, Colorado, Nevada and New Mexico. In 2015, The American Lawyer magazine ranked the firm number 179 in its annual Top 200 U.S. law firms list. Its administrative offices are located in Phoenix, where is it one of the top five law firms in Arizona The firm has handled pro bono cases including Miranda v. Arizona, 384 U.S. 436 (1966), in which partners John P. Frank, John Flynn and others represented Ernesto Miranda in the landmark case US Supreme Court case, giving rise to \""Miranda Rights.\""",company,dbpedia_l2,0,616,63,63,0.6851,0.4739,0eed0e44c5c84728f408b91734a7555fe33a2c6d6b7708b704ed0127e9d6e3e9
dbpedia:155,dbpedia,"XHBO-FM is a radio station on 105.5 FM in Irapuato, Guanajuato. XHBO is owned by Radiorama and carries its @FM pop format.",broadcaster,dbpedia_l2,0,122,63,63,0.7884,0.4855,da1ecfbd1c7b0f4e852bd71013fc2d4bd2dfdf2e7f67ae72a46b2d3e74aa019e
dbpedia:156,dbpedia,"Thomas Joseph Campbell (October 27, 1886 – February 28, 1972) was an American banker and football player and coach. He served as the head football coach at Bowdoin College in 1915, at the University of North Carolina at Chapel Hill from 1916 to 1919, and at the University of Virginia in 1922, compiling a career college football record of 16–16–2. Campbell played football at Harvard University, from which he graduated in 1912. Campbell married Mildred Bell in 1920 in New York.",coach,dbpedia_l2,1,480,63,63,0.7432,0.4867,7ea5306c2443eadce6b92c9be9694852f651458036bf16058d1416e699de947f
dbpedia:157,dbpedia,Norm Madigan (born 12 December 1944) is a former Australian rules footballer who played with Richmond in the Victorian Football League (VFL).,athlete,dbpedia_l2,0,141,63,63,0.7476,0.439,3dbcd570d9fe35f00833e8ada7dd8fec0bd00b60c8cf130ca57debb6ca8b5528
dbpedia:158,dbpedia,"The Romanian Basketball Cup is an annual cup competition for Romanian basketball teams. The last winner was BC Timișoara in 2015. The competition is played by first premilinary rounds, and then a Final Four; since 2016 the game to determine the third-placed team will not be played. The venue of the Final Four is determined by giving one of the four teams the right to organize the tournament.",sports league,dbpedia_l2,0,394,63,63,0.8475,0.428,fa714b6a8e412b0d4b65153d7214dd57dba4d46535db89b54568c1398641b296
dbpedia:159,dbpedia,"The Tarantelle in A-flat major, Op. 43 is a short piano piece in tarantella form, written by Frédéric Chopin in June 1841 and published in October 1841. It takes about 3 minutes to play. The Tarantelle is a moto perpetuo marked Presto, and requires an advanced technique. It was inspired by Gioachino Rossini's song La Danza, also written in the tarantella's characteristic 6/8 rhythm. Chopin went to some lengths to ensure the time signature was the same as Rossini's, and he enlisted his friend Julian Fontana to check the best editions of the Rossini work for this detail. The manuscript shows Chopin changed his time signature from 12/8 to 6/8. There is no evidence the work was commissioned, nor was it dedicated to anyone. Robert Schumann described it as being in \""Chopin's most extravagant manner; we see before us the dancer, whirling as if possessed, until our senses reel. To be sure, nobody could call this music lovely, but we willingly forgive the master his wild fantasy. For is he not once in a while permitted to display the dark side of his soul?...\"" Chopin himself said \""I hope I won't write anything as dreadful too soon\"". Despite this self-criticism, it has become a recording favourite, although it is less frequently performed in recital.",musical work,dbpedia_l2,0,1264,63,63,0.8192,0.452,c7c5bd7a6803991830f416015d0f43579ee31a82f065b83a6c40bf4eec2c9592
dbpedia:160,dbpedia,"David Saul Landes (usually cited as David S. Landes; April 29, 1924 – August 17, 2013) was a professor of economics and of history at Harvard University. He is the author of Bankers and Pashas, Revolution in Time, The Unbound Prometheus, The Wealth and Poverty of Nations, and Dynasties. Such works have received both praise for detailed retelling of economic history, as well as scorn on charges of Eurocentrism, a charge he openly embraced, arguing that an explanation for an economic miracle that happened originally only in Europe must of necessity be a Eurocentric analysis. Landes earned a Ph.D. from Harvard University in 1953 and an A.B. from City College of New York in 1942. The historian Niall Ferguson called him one of his \""most revered mentors\"". Landes had a scholarly disagreement with Stephen Marglin over the Industrial Revolution. His son is Richard Landes, the American historian and author, an associate professor in the Department of History at Boston University.",person,dbpedia_l2,0,986,63,63,0.6904,0.4924,b378435c0c98e9f995d2359991f88aa4819bb2862b54307eaf8125b7cac23f23
dbpedia:161,dbpedia,"Lubomir \""Lui\"" Temelkovski (Macedonian: Љубомир Темелковски, Ljubomir Temelkovski) (born October 4, 1954) is a former Canadian federal politician. He was a Liberal Member of Parliament from 2004 to 2008 who represented the riding of Oak Ridges—Markham in Ontario.",politician,dbpedia_l2,1,264,63,63,0.7275,0.4753,8655ef63b4d8e45dad61d480e9491aadffdda7f9724f1e6e009a052336d6949b
dbpedia:162,dbpedia,Awake and Sing! is a drama written by American playwright Clifford Odets. The play was initially produced by The Group Theatre in 1935.,written work,dbpedia_l2,0,135,63,63,0.6906,0.4355,1aa2acf98200618d0d268d8d21a93819eecc96cbc92183c5b98c90344a109a4a
dbpedia:163,dbpedia,"Lawrence Scarpa (born October 28, 1959) is an architect based in Los Angeles, California. He used conventional materials in unexpected ways and is considered a pioneer and leader in the field of sustainable design.",person,dbpedia_l2,0,214,63,63,0.6904,0.4924,cc33046a716766f3bbc31775d19db139d70148f1b25d6983ea43e0392cebb636
dbpedia:164,dbpedia,"The Winter Garden Heritage Foundation (WGHF) is an organization dedicated to preserving history for the communities of West Orange County, Florida.",building,dbpedia_l2,0,147,63,63,0.6738,0.4522,74f266379e4493cfe25a0dbff774491443b2f48843f52aa04befba660ff8388d
dbpedia:165,dbpedia,"The 1966 Houston Oilers season was their seventh in the league. The team failed to improve on their previous output of 4–10, winning only three games. They failed to qualify for the playoffs for the fourth consecutive season.",football league season,dbpedia_l2,0,225,63,63,0.7244,0.4242,d02afc11770898558c301db6ed9a6a052b1b5521c0ae68785d5d99872122d87a
dbpedia:166,dbpedia,"The 1946 Miami Seahawks season was the inaugural one for the franchise and for the All-America Football Conference. Head coach Jack Meagher led the team to a 3–11 finish, four out of four teams in the Eastern Division.",football league season,dbpedia_l2,0,218,63,63,0.7244,0.4242,77e081b1795955f10068ed6c5495c89aab1bbd029b43ef837fc65a93b6cd78fd
dbpedia:167,dbpedia,"Stephen Douglas Kerr (born September 27, 1965) is an American retired professional basketball player and the current head coach of the Golden State Warriors. Kerr is a six-time NBA champion, winning three with the Chicago Bulls and two with the San Antonio Spurs as a player, and one with the Warriors as a head coach. Kerr has the highest career 3-point percentage (45.4%) for any player with at least 2,000 shot attempts in NBA history. On June 2, 2007, the Phoenix Suns named Kerr the team's President of Basketball Operations and General Manager. Kerr helped Managing Partner Robert Sarver buy the Suns in 2004 and became one of Sarver's trusted basketball advisors. Kerr announced his retirement from the Suns in June 2010. Afterwards, Kerr returned as a color commentator for NBA on TNT until 2014, when he pursued a career in coaching. On May 14, 2014, the Golden State Warriors named Kerr the team's head coach. On April 4, 2015, with a win over the Dallas Mavericks, Kerr broke the NBA record for the most regular season wins for a rookie coach. The Warriors went on to win the 2015 NBA Finals, making Kerr the first rookie coach to win a championship since Pat Riley in the 1982 NBA Finals. On April 13, 2016, the Warriors broke the record for the most wins in an NBA season.",athlete,dbpedia_l2,0,1285,63,63,0.7476,0.4372,0029b36e4f9dfe1842b3659df1fb3ed594408d0b45d00cb771cd1dc2fc651fcc
dbpedia:168,dbpedia,"The 1972 New York Jets season was the 13th season for the team and the third in the National Football League. It began with the team trying to improve upon its 6–8 record from 1971 under legendary head coach Weeb Ewbank. The Jets star quarterback Joe Namath was healthy for a full season for the first time in three years but the rest of the squad was decimated by injuries and, after a fast start, the Jets finished with a record of 7–7. The Jets have the distinction of being the last NFL team to play a team from another league. During the 1972 preseason, a squad composed of the Jets' rookies defeated the Long Island Chiefs of the Seaboard Football League 29–3. Namath threw for 496 yards and six touchdowns (on just 15 of 28 passes) in a 44–34 victory over the Baltimore Colts in Broadway Joe's first appearance at Baltimore's Memorial Stadium in week two, but the next week, the Jets were humbled 26–20 by the Houston Oilers, the Oilers' only victory of 1972 and their last before embarking on an 18-game losing streak. They were eliminated from the play-offs in the season's thirteenth week, a Monday Night Game with the Raiders in which a battered and bruised Namath threw for 403 yards and nearly pulled off the upset. After the game Raiders coach John Madden went into the Jets locker room and shook Namath's hand out of respect; it was the only time in his coaching career Madden ever did that. Eliminated from post season play, the Jets coaches decided Namath would sit out the final game of the season to make sure no serious injuries were incurred prior to the 1973 season.",football league season,dbpedia_l2,0,1588,63,63,0.7244,0.4242,a81e354755ffa279aa0711ffaf444fa9cb8a5a926496bd89c73bb704e2da6585
dbpedia:169,dbpedia,"The 1996 Finnish Cup (Finnish: Suomen Cup) was the 42nd season of the main annual association football cup competition in Finland. It was organised as a single-elimination knock–out tournament and participation in the competition was voluntary. The final was held at the Olympic Stadium, Helsinki on 3 November 1996 with HJK defeating TPS by 1-1 before an attendance of 3,632 spectators.",tournament,dbpedia_l2,1,387,63,63,0.7245,0.5151,1cd2249021ef353437a3a79e961bd97b774be075e427591c50ce40fbfaff498f
dbpedia:170,dbpedia,"Vernonia School District 47J v. Acton, 515 U.S. 646 (1995) was a U.S. Supreme Court decision which upheld the constitutionality of random drug testing regimen implemented by the local public schools in Vernonia, Oregon. Under that regimen, student athletes were required to submit to random drug testing before being allowed to participate in sports. During the season, 10% of all athletes were selected at random for testing. The Supreme Court held that although the tests were searches under the Fourth Amendment, they were reasonable in light of the schools' interest in preventing teenage drug use.",legal case,dbpedia_l2,0,602,63,63,0.7059,0.4826,6b246748dc4ce9592ab9cad64f8253a7982b5e51a2c1a7586bddc3ce2ec13bf4
dbpedia:171,dbpedia,"Hennepin County Library is a public library system serving the entire population of Hennepin County, Minnesota, USA. The current iteration of Hennepin County Library was formed by the merger of urban Minneapolis Public Library and suburban Hennepin County Library on January 1, 2008. The system has 41 library locations, deposit collections at nursing homes and correctional facilities, mail service to the homebound and extensive outreach services. The Library is a department of Hennepin County Government. The library headquarters are in the Ridgedale Library in suburban Minnetonka. The library system has an eleven-member advisory Library Board appointed by the Hennepin County Board of Commissioners. It is a member of the Metropolitan Library Service Agency, a consortium of eight Twin Cities library systems. Minneapolis Public Library was founded in 1885 with the establishment of the Minneapolis Public Library Board by an amendment of the Minneapolis city charter. Minneapolis Public Library’s first building was the Main Library, opened in 1889. Minneapolis Public Library later added community library branches to supplement the main library. The first branch was North Branch, established in 1890, more branches in south and east Minneapolis followed and the system grew with the city. Hennepin County Library started in 1922 as a horse-drawn \""bookmobile\"" to areas outside the core city of Minneapolis. The system saw a large increase in use in the period between 1950 and 1980 as more people moved into suburban areas of the county. By 1952 there were 24 libraries in the system, additional city libraries such as Hopkins, were incorporated into the county system. Hennepin County Library opened its first area library, Southdale, in 1973. In the early 1970s plans were in place to merge the Minneapolis Public Library with the HCL, however the Minneapolis library system reconsidered and merger plans were put on hold. Ultimately the two library systems reached an agreement and the merger was finalized on January 1, 2008 under the name of Hennepin County Library.",educational institution,dbpedia_l2,0,2083,63,63,0.6355,0.4326,7f26a48f48b1c6dcbc5eac29b18ccfe74f33b1b1381ee0a5d1c506a87f9d3dad
dbpedia:172,dbpedia,"Point Bonita Lighthouse is a lighthouse located at Point Bonita at the San Francisco Bay entrance in the Marin Headlands near Sausalito, California. Point Bonita was the last manned lighthouse on the California coast.",tower,dbpedia_l2,0,217,63,63,0.7237,0.5109,e84373c60ba4876942c8696e286d75bf35f3741b8672dca66342fc100020f5f5
dbpedia:173,dbpedia,NGC 4622 is a face-on unbarred spiral galaxy with a very prominent  ring structure located in the constellation Centaurus.,celestial body,dbpedia_l2,0,122,63,63,0.6248,0.4271,e1296751e9accaac1f46e8acf54e0f0846ea0f0744bccfe01a93ca596a4438b6
dbpedia:174,dbpedia,Merritt Roe Smith (1940) is an American historian. He is the Leverett and William Cutten Professor of the History of Technology at the Massachusetts Institute of Technology.,writer,dbpedia_l2,0,173,63,63,0.7292,0.4976,86c7c6f040883ddc866ad66660f65264dc8ecfbce45964ad091112a5efa24b77
dbpedia:175,dbpedia,Xaniosternum is a genus of tephritid or fruit flies in the family Tephritidae.,animal,dbpedia_l2,0,78,63,63,0.7241,0.461,8a334a17b7c7eea4d0b9128e0062717ff5a9d258d663e3fb5b28dbb119fd18f2
dbpedia:176,dbpedia,"Theodosius of Kiev or Theodosius of the Caves (Russian: Феодосий Печерский; Ukrainian: Феодосій Печерський) is an 11th-century saint who brought Cenobitic Monasticism to Kievan Rus' and, together with St Anthony of Kiev, founded the Kiev Caves Lavra (Monastery of the Caves). A hagiography of Theodosius was written in the twelfth century. Saint Theodosius' greatest achievement has been the introducing of the monastic rule of Saint Theodore the Studite in the Monastery of the Caves whence it spread to all the monasteries of the Russian Orthodox Church. According to the Primary Chronicle: \""...the monastery was completed during the abbacy of Barlaam...When Barlaam had departed the brethren...visited the aged Anthony [founder of the Monastery of the Caves, who was now living in deep seclusion] with the request that he should designate a new abbot for them. He inquired whom they desired. They replied that they required only the one designated by God and by his [Anthony's] own selection. Then he inquired of them: 'Who among you is more obedient, more modest, and more mild than Theodosius? Let him be your abbot.' The brethren rejoiced...and thus they appointed Theodosius to be their abbot.\""When Theodosius took over in the monastery, he began to practice abstinence, fasting, and tearful prayer.... He also interested himself in searching out monastic rules. There was in Kiev at the time a monk from the Studion Monastery named Michael, who had come from Greece.... Theodosius inquired of him the practices of the Studite monks. He obtained their rule from him, copied it out, and established it in his own monastery to govern the chanting of monastic hymns, in making reverences, reading of the lessons, behavior in church, the whole ritual, conduct at the table, proper food for special days, and to regulate all else according to prescription.\""After obtaining all this information, Theodosius thus transmitted it to his monastery, and from the latter all others adopted the same instruction. Whereas the Monastery of the Caves is honored among the oldest of them all.\"" Theodosius has been glorified (canonized) as a saint by the Russian Orthodox Church. His main feast day is May 3, the date of his repose. His relics were discovered by St. Nestor the Chronicler, on August 14, 1091, and were found to be incorrupt. The relics were transferred to the main catholicon (cathedral) of the monastery, and a second annual feast day was established in commemoration of this event.",cleric,dbpedia_l2,0,2493,63,63,0.671,0.4778,262b91c6df9466e34c8c985da436a394e98b465c411e02df6f63d6305b24e933
dbpedia:177,dbpedia,Petr Bucháček (born 9 June 1948) is a Czech former cyclist. He competed in the individual road race and team time trial events at the 1976 Summer Olympics.,athlete,dbpedia_l2,0,155,63,63,0.7476,0.4375,14248ebdd90057c29137b1bb7763ba8cea33d167b28906c1717b089654a8f209
dbpedia:178,dbpedia,"Atelopus balios, the Rio Pescado stubfoot toad, is a species of toad in the family Bufonidae endemic to Ecuador. Its natural habitats are subtropical or tropical moist lowland forests and rivers. It is threatened by habitat loss. It was previously thought to be extinct. However, it was recently rediscovered by a team from Conservation International during a hunt for missing amphibians.",animal,dbpedia_l2,0,388,63,63,0.6429,0.461,7d99fe3fd4ee8e431967757de5470831ce7ba750fb64db3b9e7c90f207140196
dbpedia:179,dbpedia,"The 1995 FA Charity Shield (also known as the Littlewoods FA Charity Shield for sponsorship reasons) was the 73rd FA Charity Shield, an annual football match played between the winners of the previous season's Premier League and FA Cup competitions. The match was played on 13 August 1995 at Wembley Stadium and contested by Blackburn Rovers, who had won the Premier League and FA Cup winners Everton. It was Blackburn's second successive Charity Shield appearance, while Everton were appearing in their eleventh and their first since 1987. Everton won the match 1–0 with a goal from Vinny Samways when he caught Tim Flowers off his line and lifted the ball over him from the left of the penalty area and into the right corner of the net. Dave Watson lifted the trophy for Everton.",sports event,dbpedia_l2,0,781,63,63,0.8197,0.4178,4c5cce426d3b0edad33b77e821dda15b2b697e578c3ce9e966e5aab0a736d260
dbpedia:180,dbpedia,"Henry Winter (born 18 February 1963) is an English sports journalist, who served as football correspondent of The Daily Telegraph for 20 years. The younger brother of Muslim academic Timothy Winter, Henry attended Westminster School and Edinburgh University. After graduation, he spent a year producing a magazine on sport in London. He then joined The Independent newspaper at its launch in 1986, writing a sports and schools column. Winter moved to The Daily Telegraph in 1994. During the 2006 FIFA World Cup in Germany, he gave a daily webcast on the World Cup in general, with specific information on the England team. Winter often takes part in television discussions, including Sky Sports' Sunday Supplement',' and radio including BBC Radio 5 Live. Winter formerly wrote a column for Four Four Two magazine. He ghost-wrote the autobiographies of Liverpool F.C. players Kenny Dalglish, John Barnes and Steven Gerrard. Winter also co-wrote the book FA Confidential with former FA chief executive David Davies. He is a trustee of the African social enterprise Alive & Kicking, which manufactures footballs in Kenya and Zambia. In 2012 Winter was named among the top 10 most influential sportswriters in Britain by the trade publication, UK Press Gazette. In 2015 Winter resigned from his position at the Telegraph to join The Times.",person,dbpedia_l2,0,1335,63,63,0.6904,0.4924,e2dea5157000b4df3ff8d12cd69084d7934cdb5714771b9735c0226b1f761a47
dbpedia:181,dbpedia,"Royal Oaks Golf Club is an 18-hole par 72 links style golf club. Opened in July 2000, the course is in Moncton, New Brunswick, Canada. It is the first course in Canada to be designed by U.S. Open Architect Rees Jones. It was built to US Open standards. A new up-scale residential development was developed around the course which includes a 4 story condominium complex that opened in 2007.",sport facility,dbpedia_l2,0,389,63,63,0.7592,0.4081,f961eeced729ef9cbcc14e74156b77ead81d825c60fb8fe3daaeb30bed7b1672
dbpedia:182,dbpedia,The 1981 Edmonton Eskimos finished in 1st place in the Western Conference with a 14–1–1 record and won their fourth consecutive Grey Cup championship after winning the 69th Grey Cup.,football league season,dbpedia_l2,0,182,63,63,0.8033,0.4242,37aa29043f541b2e1e5f55fa9ee5ba1beb7de0419d32c8c3e1bd99393606f967
dbpedia:183,dbpedia,"BBVA Compass Stadium is an American soccer-specific stadium located in Houston, Texas that is home to the Houston Dynamo, a Major League Soccer club, the Houston Dash of the National Women's Soccer League, and to Texas Southern Tigers football. The stadium is the result of combined commitments of $35.5 million from the city of Houston and $60 million from the Houston Dynamo. Harris County agreed to pay for half of the land in exchange for the ability to jointly own the stadium after its completion date in May 2012. BBVA Compass, a subsidiary of Banco Bilbao Vizcaya Argentaria, is the stadium's sponsor company. The stadium is located on a tract of land bordered by Texas, Walker, Dowling and Hutchins in East Downtown and east of Interstate 69/U.S. Route 59 and Downtown Houston.",sport facility,dbpedia_l2,0,786,63,63,0.7592,0.4081,3fa20d04379b61d4e62e0e8546f33a552dd88629619dd5cbaf7cccd14301250f
dbpedia:184,dbpedia,"Yevgeny Aleksandrovich Kafelnikov (Russian: Евгений Александрович Кафельников; IPA: [jɪvˈɡʲenʲɪj ɐlʲɪˈksandrəvʲɪtɕ ˈkafʲɪlʲnʲɪkəf]; born 18 February 1974) is a Russian former world No. 1 tennis player. He won two Grand Slam singles titles, the 1996 French Open and the 1999 Australian Open. He also won four Grand Slam doubles titles, and the Men's Singles Gold medal at the Sydney Olympic Games in 2000. He also helped Russia win the Davis Cup in 2002. He is the last man to have won both the Men's Singles and Doubles titles at the same Grand Slam tournament, which he did at the 1996 French Open. Yevgeny had an excellent forehand, backhand and serve but his main problem was his lack of regularity. He could both play with incredible and accurate hits or fail easy hits and start doing impossible drop shots losing to lower ranked players.",athlete,dbpedia_l2,0,843,63,63,0.7476,0.4374,8a9ef40069db644f4f068753109289cfc327104c98994c2737fab53535f3db80
dbpedia:185,dbpedia,"The ocellate spot skate, spiny rasp skate, or swarthy skate, (Okamejei kenojei) is a species of skate, family Rajidae, common in the northwestern Pacific Ocean. O. kenojei is a bottom-feeding carnivore that consumes mainly shrimp, fishes, and crabs. Its diet also includes small quantities of amphipods, mysids, cephalopods, euphausiids, copepods, isopods, and polychaetes.",animal,dbpedia_l2,0,373,63,63,0.7241,0.461,b38bb9e5d56a1816fcce10e1a5973094e6f3a76adc91d1975b625b6e5c486971
dbpedia:186,dbpedia,Rauf Mamedov (Azerbaijani: Rauf Məmmədov; born 26 April 1988) is an Azerbaijani chess Grandmaster.,athlete,dbpedia_l2,0,98,63,63,0.7476,0.4374,28e0af57e1dc1bc960f39f6db57e4db4432c6baf2d9b6a7c91c9ab109a496fe5
dbpedia:187,dbpedia,"The 1980 United States presidential election in Texas took place on November 4, 1980. All 50 states and the District of Columbia, were part of the 1980 United States presidential election. Texas voters chose 26 electors to the Electoral College, which selected the President and Vice President of the United States. Texas was won by Ronald Reagan of California, who was running against incumbent President Jimmy Carter of Georgia. Reagan ran with former C.I.A. Director George H. W. Bush of Texas, and Carter ran with Vice President Walter Mondale of Minnesota. Despite Carter's victory in Texas in 1976, Reagan still won the state comfortably. The rest of the American South swung against Carter this election too, which can explain the switch. Also, unlike most of the Southern states that Reagan won by very narrow margins (except for Virginia and Florida), he carried Texas by a wide margin. Reagan also won the election nationally in a landslide, with Reagan carrying 489 electoral votes and 50.8% of the popular vote, Carter carrying 49 electoral votes and 41.0% of the popular vote, and independent John B. Anderson carrying 0 electoral votes and 6.6% of the popular vote. Carter's defeat is most likely because of the Stagflation of the 1970s and the Iran hostage crisis.",societal event,dbpedia_l2,0,1279,63,63,0.75,0.4699,7db035e3637d7fe257f465cd418bd69cc874cb295ba9398eed86a87695e4f1b6
dbpedia:188,dbpedia,Stefan Čavor (born 3 November 1994) is a Montenegrin handball player who plays for Csurgói KK and the Montenegrin national team.,athlete,dbpedia_l2,0,128,63,63,0.7476,0.4374,658684f47d508f9e29eecca31f1c5b74bafb75b363c4d9f7563ff0299c8b4d82
dbpedia:189,dbpedia,"The black stork (Ciconia nigra) is a large wading bird in the stork family Ciconiidae. It is a widespread, but uncommon, species that breeds in the warmer parts of Europe (predominantly in central and eastern regions), across temperate Asia and Southern Africa. This is a shy and wary species, unlike the closely related white stork. It is seen in pairs or small flocks—in marshy areas, rivers or inland waters. The black stork feeds on amphibians and insects.",animal,dbpedia_l2,0,460,63,63,0.7241,0.461,34dfa27834e427510601082f5f0bd8af71898e205885e951cdbfb9900c3eb61c
dbpedia:190,dbpedia,"The Monte Ahuja College of Business is the business school at Cleveland State University in Cleveland, Ohio. With more than 3,000 current students and over 19,000 alumni, the Monte Ahuja College of Business ranks among the largest in Ohio. It is fully accredited by the AACSB and currently offers two undergraduate degrees with numerous concentrations: Bachelor of Business Administration (BBA) and the Bachelor of Science in Computer & Information Science (BSCIS). It also offers six graduate degree programs, two dual graduate degree programs, and one doctoral degree program.",educational institution,dbpedia_l2,0,578,63,63,0.6355,0.4326,2a1d3d548b3dd03d7b0fc20f01993367a17aafe5022c33464f3146388a45ad7f
dbpedia:191,dbpedia,"A partial solar eclipse occurred on November 12, 1928. A solar eclipse occurs when the Moon passes between Earth and the Sun, thereby totally or partly obscuring the image of the Sun for a viewer on Earth. A partial solar eclipse occurs in the polar regions of the Earth when the center of the Moon's shadow misses the Earth.",natural event,dbpedia_l2,0,325,63,63,0.6753,0.4342,5a4ea09ad90e5f128a1cee2825b59c41651ab42b15315703149e93b3cefa47eb
dbpedia:192,dbpedia,"Tathva is an annual techno-management festival, organized by the National Institute of Technology Calicut at Kozhikode, in Kerala, India, in the month of September or October. It is one of the biggest technical festivals in South India. The festival started as a small-scale technical festival during the era of Regional Engineering Colleges (REC). It has now grown, attracting about 8,000 students in over 60 events and with prize money of around Rs. 2 million in 2016. Aimed at inspiring innovation, technical interest among students, and awareness among the public, the event hosts lectures, seminars, workshops, competitions, paper presentations, exhibitions, quizzes, model displays and robotics events.",societal event,dbpedia_l2,0,708,63,63,0.7315,0.4855,fa59b9ccfda0bf520dd67eb3665d858ad53b092e09c0458444184546df1d3085
dbpedia:193,dbpedia,"The western school whiting, Sillago vittata (also known as the banded whiting, golden whiting and bastard whiting), is a species of benthic marine fish in the smelt-whiting family Sillaginidae. The species is one of three 'school whiting' that inhabit southern Australia and share a very similar appearance. Western school whiting are known to grow to 30 cm in length and 275 g in weight, although unconfirmed reports suggest this might be an underestimate. The western school whiting is distributed along the Western Australian coast from Maud Landing in the north to Rottnest Island in the south. The species inhabits both shallow inshore environments and waters to depths of 55 m. The species is a benthic predator, taking a variety of crustaceans, molluscs and echinoderms, and shows a change in diet with age and habitat. S. vittata is a multiple spawner, reproducing between December and February once it has reached one or two years of age. Juveniles inhabit protected inshore waters, moving offshore once they reach sexual maturity. It is often found in association with other sillaginids and comprises a minor fraction of commercial whiting catches in Western Australia.",animal,dbpedia_l2,0,1179,63,63,0.7241,0.461,128f2b62b8f29405a193b297345997690f478050d371c00cf4ee657ebaf51835
dbpedia:194,dbpedia,"Legnano Knights, for sponsorship reasons named Europromotion Legnano, is an Italian professional basketball club based in Legnano. It plays in the second division Serie A2 as of the 2015-16 season.",sports team,dbpedia_l2,0,197,63,63,0.8197,0.445,df85d64bf06cae911b014640f68995afd2130dc5e50ed29d384ebeae1227f03b
dbpedia:195,dbpedia,"Mateo Santos is a fictional character from the soap opera All My Children. He was first portrayed by Tito Ortiz in a guest appearance in 1994 but is best known as being portrayed by Mark Consuelos from 1995-2002. Consuelos temporarily returned as Mateo for All My Children's 40th anniversary on January 4–5, 2010.",fictional character,dbpedia_l2,1,313,63,63,0.8021,0.4373,28d2cd797c9956d813325e4b93c802dcb75c7bf7b11376cc493a8b171ce681cb
dbpedia:196,dbpedia,"Michael Christopher Burda (born April 4, 1959) is an American macroeconomist and professor at the Humboldt University of Berlin. Since 1993 he has served as director of the Institute for Economic Theory II and since 2007 visiting professor at the European School of Management and Technology (ESMT). He has also taught at Berkeley and INSEAD. In 1998, Burda received the Gossen Prize of the German Verein für Socialpolitik. He is research fellow at the Centre for Economic Policy Research (CEPR), Institute for the Study of Labor (IZA) and a fellow of the European Economic Association. Burda received his B.A., M.A. and Ph.D. (1987) at Harvard University and is a fluent speaker of German. His research is primarily in macroeconomics, labor economics and issues of European integration. In 2009 Michael Burda and Charles Wyplosz published the 5th edition of their textbook “Macroeconomics: A European Text”, Oxford University Press, which has been translated into twelve other languages. Also, he is on the advisory board of OMFG where he is regularly involved in meetings regarding the financial and monetary system.",person,dbpedia_l2,0,1118,63,63,0.6904,0.4924,513ea6cd737771ad23ede9842c6d222002d6c56cf42851008475bb17c5321b53
dbpedia:197,dbpedia,"The 1992 United States presidential election in Indiana took place on November 3, 1992, throughout all 50 states and D.C., which was part of the 1992 United States presidential election. Voters chose 12 representatives, or electors to the Electoral College, who voted for President and Vice President. Indiana was won by President George H.W. Bush (R-TX). The presidential contest in Indiana was not a surprise, with Bush winning 42.91% to 36.79% over Governor Bill Clinton (D). Still, the margin of victory was lesser than in earlier elections; Clinton won in every state bordering Indiana, and except for the Midwest Bush finished first in no state more northern than Indiana. Billionaire Businessman Ross Perot (I-TX) finished in third with a significant 19.77% of the popular vote in Indiana. Indiana would continue to vote Republican in presidential elections until 2008, in which Barack Obama won by a close margin, becoming the first Democrat to carry the state since 1964.",societal event,dbpedia_l2,0,980,63,63,0.75,0.4699,3620a262b34df0a58f33e42324673c933f963ba49ec253e5ba65eead947b105d
dbpedia:198,dbpedia,"Dean Kondziolka (born April 14, 1972) is a Canadian swimmer. He is a 7 Time National Champion and Canadian record holder in the 50 meter sprint and 100 meter freestyle, and is the first Canadian born swimmer to break 23 seconds in the 50 meter freestyle event. Kondziolka began his swimming career at the Lakeshore Swim Club at the age of 9, shortly thereafter moving to the Mississauga Aquatic Club at age 11. Kondziolka first broke on the national scene in 1986 at the age of 14, making national time standards in the sprint events, 50 and 100 meter freestyle. He was the youngest competitor (by two years) at the 1986 Canadian National Championships in Edmonton. He went on to compete in the Netherlands and Germany as a member of the Junior National Teams in 1987 and 1988. His first National Championship was attained in 1990 at the age of 17 (Summer nationals in Etobicoke Ontario) and highest rankings in the world were 1st (LC season, 1993 documented at the Sprint eliminator meet in Nantes, France) and 4th in the 50m freestyle (Speedo World Rankings) respectively. He was a member of the Canadian National Team from 1990 to 1996, winning numerous individual and relay medals at national and international competitions, and was the only swimmer to medal at both the World University Games and 1993 Pan Pacific Swimming Championships in 1993. Notable international and national swimming competitions include: \n* World Cup Rome 1990 \n* FINA World Championships 1991 Perth, Australia \n* FINA Swimming World Cup World Cup tour 1991 \n* 1991 Pan Pacific Swimming Championships, Edmonton, Canada \n* 1993 Summer Universiade World University games 1993 Buffalo, New York (bronze) \n* Pan Pacific Swimming Championships 1993 Kobe, Japan (bronze) \n* FINA World Aquatics Championships Rome, Italy 1994 \n* Pan Pacific Swimming Championships 1995 Atlanta, Georgia \n* FISU Games (bronze) \n* Canadian National Championships (7 time national title) In the years 1991 and 1992 Kondziolka attended the University of California, Berkeley, on a full scholarship where he trained with Matt Biondi. He also attended and swam at The University of Lethbridge during the years 1993-1995 under tutelage of longtime coach Bill Barton. He was chosen as the City of Mississauga athlete of the year in 1991 and subsequently elected to the celebrity book stacks at the Mississauga Library system, and chosen swimmer of the year in 1993-94 by Canadian Interuniversity Sport.University of Lethbridge Athlete of the Year 1994-1995 Currently resides in Corpus Christi, Texas as a swim coach for the Coastal Bend All-stars and a professional photographer.",athlete,dbpedia_l2,1,2636,63,63,0.7476,0.4374,6982ff4f5d3a003ac11c96a2848c54e83bb4f640d30723aef3aefca8d0f47c48
dbpedia:199,dbpedia,"Morse Field at Harold Alfond Sports Stadium is a 10,000-seat multi-purpose stadium in Orono, Maine. It opened in 1998. It is home to the University of Maine Black Bears football team. It replaced Alumni Stadium which was condemned in 1996 after failing inspection. A temporary stadium on site was erected for the 1996 and 1997 seasons in which the east grandstand was constructed. The stadium is named for Harold Alfond, a longtime Maine booster. The field is named for Phillip and Susan Morse, who donated the lights, original Astroturf and scoreboard. In the summer of 2008, new FieldTurf was installed to replace the old AstroTurf.",sport facility,dbpedia_l2,0,634,63,63,0.7592,0.4081,6b9ea9ca22d41e3e60dcb864e01b69b31574a6757ac778d9c361cc2ba6e08d27
mtop:0,mtop,I want to replay this song again.,replay music,mtop,0,33,63,63,0.8038,0.4094,942350ce687214da27705cd04e2759fad43e6a2183204c8fb3f7c2ab37ca1532
mtop:1,mtop,Set a new timer for 30 minutes.,create timer,mtop,0,31,63,63,0.8981,0.409,1073e582984e4c7231559445114881283e3d8080b53a1118d16c6a6254809bdc
mtop:2,mtop,How do I make a Thanksgiving meal,get info recipes,mtop,0,33,63,63,0.7447,0.4267,b51431ddf4eaaf3645d3c9edad6fac3bf6e65718ad20fbe347ab5f0fbfb48162
mtop:3,mtop,Give Susan a call,create call,mtop,0,17,63,63,0.6885,0.4084,f9a5c8ab7beb509f36e237f1f85c5ac4e3f7955e365b208d72ca97c73490a49d
mtop:4,mtop,Please set up an alarm for Friday morning at 10,create alarm,mtop,0,47,63,63,0.7692,0.3987,9c84040ed5820aae447ab21804d3cb910ff81a380bcd5e12021c89a77ba7e66f
mtop:5,mtop,Delete my reminder for the camping trip this weekend.,delete reminder,mtop,0,53,63,63,0.7566,0.391,703090cdb3ed365418a6df0f29d85ff3959ec84c565a63ebc850f3102a6be9ae
mtop:6,mtop,giving Ng Brandon a call,create call,mtop,0,24,63,63,0.7419,0.4084,dde40afa9deaee9af8d3bbcaf8c23f4e2fd9ddee55b504efcf926db03c02ca26
mtop:7,mtop,put on indie rock,play music,mtop,0,17,63,63,0.7836,0.4405,23ec05ebe984c76198029aae8804b206313ba72292d04daff8b8d7ea59263707
mtop:8,mtop,how long am i supposed to cook taro leaves for?,get info recipes,mtop,0,47,63,63,0.7447,0.4199,3439d63e6e6e0b5f2bd76c17186b6dbe78836bac299b4bb5fbef3af90bdeb816
mtop:9,mtop,How much time is left on my timer.,get timer,mtop,0,34,63,63,0.8981,0.4348,04422b8b17603b6f9b4624989eeecc2481410c050165bdda6a2e062e98bf498c
mtop:10,mtop,Delete most recent timer,delete timer,mtop,0,24,63,63,0.7996,0.4005,173f0e16e1214fd01040aab60271d44652f12e793a9459afa72686f08c5463a0
mtop:11,mtop,change my status to maybe for Gardening for Biodiversity in a Climate Crisis,set rsvp interested,mtop,0,76,63,63,0.8399,0.4114,254a3f40b6f41a414f07a509eeecacd809153096efbdb60757e7a04626a4c0e6
mtop:12,mtop,Remind me to send my teacher my homework before 5 pm.,create reminder,mtop,0,53,63,63,0.8451,0.4214,7fe050fb9f010b97b2e0c9de3569053d279c75cc07ca53c539110b5ca81d6adf
mtop:13,mtop,Stop alarm for 20 minutes,snooze alarm,mtop,0,25,63,63,0.8002,0.4159,49f51e8e26b8a89ccd0637f865bbb7173875b9eed163c4bfe3db0083709b28da
mtop:14,mtop,respond yes to Taste of Seattle,set rsvp yes,mtop,0,31,63,63,0.8988,0.4168,4b3caf3020bf21f715c98005b407bcef64ff11fa962422644b2c730bc6377065
mtop:15,mtop,Set alarm for cooking time at 7pm,create alarm,mtop,0,33,63,63,0.8171,0.396,b5b08244660be5a2c930c4735c6528b670420a1b46ba415adccfd9f90bc411c5
mtop:16,mtop,Can I verify I have reminders set for Show Choir practice?,get reminder,mtop,0,58,63,63,0.87,0.3965,f38efa1695ab046df24ef056605492fa7bf3d68245a8e6c464e23df801525754
mtop:17,mtop,Please replay the last minute.,rewind music,mtop,0,30,63,63,0.8028,0.4028,aefc6c70251c0e1bba8297b588e5a08619c3c72bd0943de12f75dfa3239d3446
mtop:18,mtop,tell me the latest news,get stories news,mtop,0,23,63,63,0.6904,0.4436,0143a3e4a461fcfd39048b727d8792c813d5e3ef735d6bf5202ba97f10b15f90
mtop:19,mtop,give me a new alarm for 4h00,create alarm,mtop,0,28,63,63,0.749,0.3987,047d35f96668f0e6ffff0054869fd3caca7fc0200970dacd5e0644a9194916ef
mtop:20,mtop,Who's birthday is coming up in the next two months?,get contact,mtop,0,51,63,63,0.8531,0.4531,5e418822dbdbe13710db0ebe16e66bb5abf68adb99f6ee8da8d4a33901f3061c
mtop:21,mtop,please call jessica,create call,mtop,0,19,63,63,0.6885,0.4084,9a7a75c35833fb25edf60c0c3d065da4380d88010febb0acc3cc978b82d6784f
mtop:22,mtop,Events today,get event,mtop,0,12,63,63,0.8532,0.4232,7aaed739b433dae9a9470d581420de65a5392fd8b0cb640eee4b52f6618a2106
mtop:23,mtop,search for 10 min meals,get recipes,mtop,0,23,63,63,0.7588,0.4319,174e2a94bd413bd6851605e8d99cf66ea69ceef0b647b8b77f28827d549e4b0c
mtop:24,mtop,Any news on the Saints?,get stories news,mtop,0,23,63,63,0.7066,0.4436,05af28c0a4003e81cf4005a57c40530836d3ffe7c422abc185104fcbc7037d4a
mtop:25,mtop,show me free people,get availability,mtop,0,19,63,63,0.618,0.4195,bf8f489a75ac0f93ca1bf4ff147d106629a6ebdb6a30614db09e5c4611142678
mtop:26,mtop,"Please let me know what the weather will be like at noon tomorrow in Gulf Shores, AL.",weather,mtop,1,85,63,63,0.6612,0.4805,293439e775b6a88c292ebc9235fae78a50f728fea09e3e0cc190f35e96bbe05c
mtop:27,mtop,please call my son,create call,mtop,0,18,63,63,0.675,0.4116,781933971fdaca0404351da2b8ead41da581a5e515addb165000b2cd82082d21
mtop:28,mtop,How long has been Ben employed by Walmart?,get employment time,mtop,0,42,63,63,0.7919,0.3897,486b5f50288070a5221893c39d191d468d9ecd807fbfca07318228e33e2445e8
mtop:29,mtop,Remind me to reply to Eleanor about her project idea at 10 am tomorrow morning.,create reminder,mtop,0,79,63,63,0.8451,0.4214,d52d06d808526709bcda4de9ad0b8dcd3fe5e1918de5ba842c63618b4332bc96
mtop:30,mtop,Is it below freezing tonight?,weather,mtop,0,29,63,63,0.6612,0.4806,42e5db17f47e4d8f6af7e602ea6c9311a2551fdcf4be16bb53c35c5b60be1cda
mtop:31,mtop,pause current timer,pause timer,mtop,0,19,63,63,0.8065,0.4352,a41333fb15dc779001e4ad41eb95a808a275130e9d6c7937c7d18184a67975c9
mtop:32,mtop,How cold is it in London right now?,weather,mtop,0,35,63,63,0.6612,0.4805,754b1dfa7805e44098d2c8001ef612ff731c52723d0466da6dfd514b17c65065
mtop:33,mtop,Call Antigua Cafe on Taraval St in SF,create call,mtop,0,37,63,63,0.7471,0.4224,afb666e75c5e98dd4da5f67287a46720a13b84f7a4ee11db79b6c92f3bb12b27
mtop:34,mtop,Remind me to close the door,create reminder,mtop,0,27,63,63,0.8451,0.4214,afe9fad7c3a8b8896a8d0f01ced6be5bdf3e9e78e753878bb85f64712cc6fd04
mtop:35,mtop,What recipe can be cooked in a crockpot,get recipes,mtop,0,39,63,63,0.6991,0.4263,ade4bae1a5c35e4451f68ec36a036136d82ab4b6d928c92c05159bf64a1bac1f
mtop:36,mtop,Please set alarm on March 21st at noon,create alarm,mtop,0,38,63,63,0.749,0.3987,c99ca2f6f22ff903ccffefb0005393d0fe89169bfa8504a5d93fef8f937a2b06
mtop:37,mtop,How will the weather be at lunchtime in Milton Keynes?,weather,mtop,1,54,63,63,0.6612,0.482,b7e696974c6f3039a609c1dfab32607565dd498fb0f603bd10de94946a3aee47
mtop:38,mtop,Can I get into the pool today?,weather,mtop,0,30,63,63,0.7562,0.482,be89c8a5e2b1519eeacf55475d2d7b7901341a8f7449d4ea0177ea2acd62eb34
mtop:39,mtop,Local news headlined,get stories news,mtop,0,20,63,63,0.6426,0.4436,9f3cabf46a7ef4bc0e5b6c8603120189ce404c52512c14449869d6146cbb6eb1
mtop:40,mtop,Can you set a reminder to turn off my son's alarm this evening?,create reminder,mtop,0,63,63,63,0.9422,0.4214,29d4f4f68e75d52eb63345b68b3e54a3b88bffc2641fd5fa0adebeda1fa8f7e1
mtop:41,mtop,Scrap my alarm.,delete alarm,mtop,0,15,63,63,0.7884,0.3751,5115e4d09c473ca6b564c74b8be2988575bde586fa8cd1b40809c837cc0c80be
mtop:42,mtop,"message Bill, Kirk and Terry something that says happy birthday",send message,mtop,0,63,63,63,0.7233,0.4225,7976d87a2938f8ea44ae49a392704021a9807f6df6dc304c15f91d6ec6a2ee1d
mtop:43,mtop,I want to make soft and chewy chocolate chip cookies,get recipes,mtop,0,52,63,63,0.6991,0.4263,913fb85df19dcfa8deea8fa8deedad1a36ee6cf99e26ad0f25c13d2a8150bfb7
mtop:44,mtop,Set a reminder to bring the dog to the vet next Monday first thing in the morning,create reminder,mtop,0,81,63,63,0.8451,0.4214,32d67518386c30895b77d6dca2a8ab87bcc4d7f92c1b40eca9af0526b40a0793
mtop:45,mtop,did anyone send me a video message earlier today?,get message contact,mtop,0,49,63,63,0.8131,0.4116,282de128dd325eca83bfba19e4b486c5e354702e2c27fca590db46998e9d8d7d
mtop:46,mtop,display all daytime alarms,get alarm,mtop,0,26,63,63,0.7433,0.4466,67391e14dfe3fbe772963292ecbf991130555d6d94873871eff7fdcc4b80f279
mtop:47,mtop,What's the best flan recipe,get recipes,mtop,0,27,63,63,0.6991,0.4319,f74468f8d45a96a9ead169da217219c43aab5cac8b9fcf394047c61ae50d2e78
mtop:48,mtop,How long do you cook a hard boiled egg,get info recipes,mtop,0,38,63,63,0.9022,0.4199,5615fd0143d8d3e68e747344cc811d9a7bfdc7a4e8497c604412537783eb8482
mtop:49,mtop,Set my morning alarm,create alarm,mtop,0,20,63,63,0.749,0.3987,0e56a7f25a4df16e6cc48bc5bb601aa1667c3eb6b9405bce8089d06c262caac3
mtop:50,mtop,In three days the weather is what?,weather,mtop,1,34,63,63,0.6612,0.4805,b50bd1734bc56587baca95a0526bdcc028864a7bbee1a5f3a450956bac759d02
mtop:51,mtop,Remind me to purchase a card for Chris' birthday party Saturday.,create reminder,mtop,0,64,63,63,0.8451,0.4214,0f51e847b8cb76aacb969fecf24cb57f5facecdf7c3ab2def83f3880b4f6e881
mtop:52,mtop,Delete all the alarms I have scheduled,delete alarm,mtop,0,38,63,63,0.7884,0.3751,a02513879bfb69077a2047152ec820c5b47d8d365c6a1e997b088c1dfffc1c53
mtop:53,mtop,Remind me on Tuesday that I have a unit meeting on Wednesday at 3pm.,create reminder,mtop,0,68,63,63,0.8451,0.4214,debf73dbff1513b986b0b711e0f6eed007cab490c2e6bb1acd1b885f42a56c0f
mtop:54,mtop,should I put on a swimming costume today,weather,mtop,0,40,63,63,0.7562,0.4828,32846c00c80e15536e091471312c75d20a095786cc41912f3cc558a951ef50dc
mtop:55,mtop,change my reminder alert to 4pm.,update reminder date time,mtop,0,32,63,63,0.8348,0.4137,e5ae8e106a34faca59416143394422cf34914e802ddefb01a8fb9f944be70bb0
mtop:56,mtop,how many oil spoons do put on salad,get info recipes,mtop,0,35,63,63,0.9022,0.4199,9d39afdf55b0ee760b00181f3f3747f5dc7115b8efee772c5210ecfd95fe1040
mtop:57,mtop,show me my past events,get event,mtop,0,22,63,63,0.8532,0.4232,7fbb384f3a45335e27ee4b62ae52d5040fc0f78f058de7a373ecde695021cd16
mtop:58,mtop,How much longer on this countdown?,get timer,mtop,0,34,63,63,0.8981,0.4345,30ba7f4ab88ba66212e2e2e1fb965546838ee83abafe9bf00390dd0a66631e19
mtop:59,mtop,how many recieved call did i get from larry,get call,mtop,0,43,63,63,0.7471,0.4517,2b925f849ffe46901f424bb17b84f38abd593056a0782465a140028aab3c39cc
mtop:60,mtop,what is the weather like in Rome,weather,mtop,1,32,63,63,0.6612,0.4805,2ebca3b5a2baca00da10335d5ce8e5bf9c8a6356a07ac6c84de998d37beec291
mtop:61,mtop,hang up on sean,end call,mtop,0,15,63,63,0.705,0.4334,2099ae53e8eb3d2ddb8c09b4ff911c681923ae5781a744e1953bc3cf8a4f406e
mtop:62,mtop,Does this recipe have dairy,is true recipes,mtop,0,27,63,63,0.7588,0.4181,7ff82faaa3a884810aaf7828bcb2d80979fa6f6babd320d22cfbcfe8e72d66ec
mtop:63,mtop,set a reminder for 5 pm to pick up dinner,create reminder,mtop,0,41,63,63,0.8209,0.4073,06f7a7445fb83275c000bd00d45d2b9e462d1238de6cad9cb532aa58c0b24237
mtop:64,mtop,can you make lasagna without cheese,is true recipes,mtop,0,35,63,63,0.7447,0.4081,bf7cbf0a34d2998646e39afe7315b10586d43da6a870f8fd93fc82b2e683476c
mtop:65,mtop,can you send the message to my family,send message,mtop,0,37,63,63,0.6554,0.4214,28264b651f8f4d0e1110a59f284a7616e899c6c427e9f99f5798fd05782e90de
mtop:66,mtop,Is Andrew still working part time?,get employer,mtop,0,34,63,63,0.7919,0.4295,c1f5b987b54a658df5e68a7faca0133ecbbb039564cef2bce1d917f7b72c20bd
mtop:67,mtop,play a rock song,play music,mtop,0,16,63,63,0.7495,0.439,5202d10a52b223b20e8add57d1fd1cbbc482a42a33598b3364d761636d8741c9
mtop:68,mtop,This morning's weather please.,weather,mtop,1,30,63,63,0.6612,0.4806,2f20f6f5bff24f9c7360d400084e28388ecdfbd91eadb78409111e8b44a8b4ab
mtop:69,mtop,What is the weather in Baltimore today,weather,mtop,1,38,63,63,0.6612,0.4805,485b69d655b9798ecfdbee512d740554442aabfa7d1ae65b97399cd0bab1d0f3
mtop:70,mtop,remind me to call stacy later,create reminder,mtop,0,29,63,63,0.8451,0.4214,50f313852a1e9771184ed16bc7de9914484536c64a2738d82f08752ead1b8fe6
mtop:71,mtop,Can you make this a video call?,update method call,mtop,0,31,63,63,0.8901,0.4061,04002551c18fa0f6a1915a3a9918f448d56a9695dfd60661bbad508efc21ed9f
mtop:72,mtop,Could you please help me setup my default phone call provider as Whatsapp,set default provider calling,mtop,0,73,63,63,0.6416,0.3796,2614ba6599f6f9a96c78ba4fcce1e8e1992cfb53c825cb08ac0e066397fe6ba6
mtop:73,mtop,What are the top news stories for Tokyo right now?,get stories news,mtop,0,50,63,63,0.6426,0.4436,893e5009f05d62bf92f5b6e45888ff50edd4487c173e4b52cd3bc0c9798ef88e
mtop:74,mtop,take the new call,answer call,mtop,0,17,63,63,0.766,0.4571,892d3374eae75df73083325ee4f3142d0a6dab7e45d39ee93e6cb1780fdbe74f
mtop:75,mtop,create alarm for 1h30,create alarm,mtop,1,21,63,63,0.8094,0.3987,22f1485b7594ca74b81fc445972ba2d9b03d1e6ef30afd7ddc26c6d97e043eef
mtop:76,mtop,Create a new sound list,create playlist music,mtop,0,23,63,63,0.7851,0.3912,d0519838a99629baa0e15bb449ec2cb41667960855b6f8769eb855e881f15564
mtop:77,mtop,repeat alarm in 20 mins,create alarm,mtop,0,23,63,63,0.7692,0.3987,e99d27a696b181f1e57219761b11d6b1a47920385da218c5ce37bbb99e54dee3
mtop:78,mtop,Does Ali live in cairo?,get location,mtop,0,23,63,63,0.7854,0.419,619f2ac2480559fa3085ebd46a655baecd2bdf5b586425c029fd4cb371fc9b89
mtop:79,mtop,Will the temps be freezing tonight,weather,mtop,0,34,63,63,0.6612,0.4805,ed26008f27a93afff86bc4923581429fbbf64c8e119985fd96a899eb1991fc0a
mtop:80,mtop,make an alarm for 2235,create alarm,mtop,0,22,63,63,0.749,0.3987,90f3fb7e247e155f5ef8cd027e48974a2e73fd6b4229ac7b2a0e7414499900ea
mtop:81,mtop,How much protein is in one banana,get info recipes,mtop,0,33,63,63,0.9022,0.4267,44e4b5577c7d921665919ba5b1b6c92e7dce4ad5d37aeb3b56b0cff9f5b91846
mtop:82,mtop,Stop song,stop music,mtop,0,9,63,63,0.7455,0.4121,3a3bab13350438c2bf64eae7c36614f0dae1100feced774c6662696b42c87ab4
mtop:83,mtop,call Ying Sperandio 's uncle,create call,mtop,0,28,63,63,0.7419,0.4084,f59b5c2e6c2545ff69c4e2f0449e8c2ce5578ac05776ade65b97d9e2f7de86b5
mtop:84,mtop,Remind me to see the new Avengers movie on opening day.,create reminder,mtop,0,55,63,63,0.8451,0.4214,58f51445c4f52be1684387d02de872b3481a09fd1b758cb8a94fad9cfee7e9c9
mtop:85,mtop,Stop playing this music halfway through,stop music,mtop,0,39,63,63,0.7509,0.4121,9e2269de1b853deab20c4a77e17c1888dedfa68db3f66253ce4325cab0135284
mtop:86,mtop,hold the call with ravi,hold call,mtop,0,23,63,63,0.6593,0.4381,fbe94590a8a73a121b8293e8498fb604d1038573231efaff37fb8854c7418c58
mtop:87,mtop,Display all reminders pertaining to Betty Ann's recent accident.,get reminder,mtop,0,64,63,63,0.8467,0.4157,ad5a15010068cf29d65b0d69e7de125f9ff184228acf9dbe83dcb15c9ecec106
mtop:88,mtop,how many calories are in a hamburger sandwich,get info recipes,mtop,0,45,63,63,0.9022,0.4199,438c7c8a88ea748eba47adba5ea1a0cb7ed1ec15b57404cffccfed3656962ff4
mtop:89,mtop,Who is Breanna Carlson's brother?,get contact,mtop,0,33,63,63,0.8174,0.4565,f4adfe97ed8318add07e1a3a2459a8029e3a0d3c17e8844d64d7d4eaed29b8b2
mtop:90,mtop,show me my messages from auntie Iris,get message,mtop,0,36,63,63,0.7233,0.4459,1929c36080a3362eddaf6ffb7fb4c9d574fabd42b0f9c4d7ab2a088f6c8cb613
mtop:91,mtop,remind me to buy fruit,create reminder,mtop,0,22,63,63,0.8451,0.4214,8178c5d0d58e4e02012db4480aebc61758e54034f0397c01809af127d5e53a63
mtop:92,mtop,Play dance music station,play music,mtop,0,24,63,63,0.7495,0.4401,966fecdecdb42d174136a8d5951cc9882299e9b825c6b615de1a7d3ee44e95de
mtop:93,mtop,Political Events Friday Night,get event,mtop,0,29,63,63,0.8532,0.4232,2280d04e15fbbe2a9dd787c16a27cf668d5eef77b649646af7b8fc3685c07e40
mtop:94,mtop,Let's place a call to Jane Austin Juthey,create call,mtop,0,40,63,63,0.6885,0.4084,5ecfed26dd17dcee127e86f8c21165114dc20bb685df078d08991f837a7631a6
mtop:95,mtop,What years did Jessie attend Barton?,get education time,mtop,0,36,63,63,0.7945,0.4288,c36840534317b640dd2bdeba08a7491ab356ba00f3c578ffe630e6656a2623b9
mtop:96,mtop,Remind me to ask to come in late on Hunter's first day of school.,create reminder,mtop,0,65,63,63,0.8209,0.4073,9fbe313cc9a0dba6eea49c60cad5535839bc05c3c827976e955a87d62c2296c9
mtop:97,mtop,set my status as not going for this event,set rsvp no,mtop,0,41,63,63,0.8988,0.4142,4ce870c7de38264b250fc162c0c374d1da41ca6b1ea802f411a75281b22d8053
mtop:98,mtop,How's the weather this morning?,weather,mtop,1,31,63,63,0.6612,0.482,9236157512599fe489c0d8cef4116d71eaa22c69396f4b9b8cd9f8d145502339
mtop:99,mtop,Name this song please,get track info music,mtop,0,21,63,63,0.7579,0.4038,8739b507c68c6d3acd9594b47bbb292907b68dde7faa740b676d530c78125428
mtop:100,mtop,Change the dinner reminder from Thursday at 6 PM to Friday at 6 PM.,update reminder date time,mtop,0,67,63,63,0.8951,0.4137,7f11f1ac9622c4a490dbfd913d238238028cb97fbafeeb1b721f4e32701ebfc4
mtop:101,mtop,Read me the details about election coverage,get stories news,mtop,0,43,63,63,0.7392,0.4436,84f14100f5866f07c1afb59e34fb650018cc854136df6af81b6be014bb6b6707
mtop:102,mtop,Who is Danielle?,get info contact,mtop,0,16,63,63,0.8531,0.4862,244a878e791b0a1babcc222222e8ca1335ba82daaee10a97e5246bbf730bebe4
mtop:103,mtop,how do I cook fish in the oven,get info recipes,mtop,0,30,63,63,0.7447,0.4199,60eb1e0981eadfb198b811343ff33679dc376082abf2f67ab4c563086dd62e6f
mtop:104,mtop,Set timer for 6 minutes,create timer,mtop,0,23,63,63,0.8238,0.409,6523260e3e13e4113b6b22427a2504257c71fc693790c8438cf60ffa2590bacc
mtop:105,mtop,Remind me to go to violin on tuesday afternoon,create reminder,mtop,0,46,63,63,0.8451,0.4214,0f0d44fdf37fc5a8c8e3e78e9fb92bb4cf7698149ce720c804ccff181069170a
mtop:106,mtop,create playlist for genre,create playlist music,mtop,0,25,63,63,0.7661,0.3912,3561a40d17f473f10fc5dd16079bbe46276a40ed5f8187464488aa691671e8b7
mtop:107,mtop,Who works for AT&T?,get contact,mtop,0,19,63,63,0.8531,0.4506,afe56c2f20059c7b5f31fc6f56d5c704d04557d3d86bedc0f2a729392987ece4
mtop:108,mtop,record video message on work for Quinn Hamiss,send message,mtop,0,45,63,63,0.6711,0.4215,d5b718035d4a2e9f104d44023a50367a83a638c3d547b6b2cd86852116020b67
mtop:109,mtop,List of employees at Key Bank please,get contact,mtop,0,36,63,63,0.8531,0.4644,db8d27405a239f29cfe02a70dbef54661505114709b5082cdfc6a4bba651b428
mtop:110,mtop,What is the calorie difference between Pecorino Romano cheese and Gouda Cheese per pound,get info recipes,mtop,0,88,63,63,0.9022,0.4199,cc3c03bd9dc216747c1de9bc21f490be2351c9e7327d4c1e8c034a1533378398
mtop:111,mtop,Set a reminder about John's birthday next month.,create reminder,mtop,0,48,63,63,0.8451,0.4214,82abc42182594677dc24bb768646c661b857414f4a112e1f437c641dce40619e
mtop:112,mtop,Get rid of my reminder for Mark's birthday party on Saturday night.,delete reminder,mtop,0,67,63,63,0.7791,0.391,feb18b33bf7c893baaea4b46e26e8c3fc701fdd6087cc68dc352c3feea95af2d
mtop:113,mtop,What people do I know that working the admissions office at U of M,get contact,mtop,0,66,63,63,0.8174,0.4531,9c98ec7f80470f5784514870d1bd29e87eef4411ee72e2d291203416c6ee65a6
mtop:114,mtop,Create session alarm for 10am tomorrow.,create alarm,mtop,0,39,63,63,0.8171,0.3987,1815b7757a48be8770e834f251b64e6d1d704b04a25ca8a30e1edd85a42d7bcf
mtop:115,mtop,remind me to plant the flowers on memorial day weekend. remind me 3 hours before,create reminder,mtop,0,80,63,63,0.8209,0.4073,3fec957d24ce5c10adf48165722ffa09ae89a6dbf18a9b6676aa86c9a5736262
mtop:116,mtop,Is it above 10 in Celsius out there,weather,mtop,0,35,63,63,0.6612,0.4801,6dbd55345f67f24edc810e8082ef7a99445ad8b25222587eb77f2fce81e1877c
mtop:117,mtop,Can you get my past events please?,get event,mtop,0,34,63,63,0.7835,0.4232,9923e171bcb2fff2d0f3f6ede0f070bc39cb19a23fba6ffc8607dc6cb410ded7
mtop:118,mtop,What will the weather be like in San Francisco at 6pm?,weather,mtop,1,54,63,63,0.6612,0.482,4388b4e886beafefcbaa304d6112e1b0a97e80fc78f0322932297f8ba7384a4f
mtop:119,mtop,Can you get some more events similar to this please?,get event,mtop,0,52,63,63,0.8532,0.4232,5228efe8f3eed6d9aeb3a62e823c4f79bb8f1218b8c51943f3b72fd5227c6497
mtop:120,mtop,Where does Packy work now?,get employer,mtop,0,26,63,63,0.8081,0.4295,220c2d71a51ce8174677ed269541ad1781a930a437e4c3810653d068833d3ade
mtop:121,mtop,What are Ted Cruz's comments on healthcare?,question news,mtop,0,43,63,63,0.7392,0.4586,d3c93c27ea40313b806a449bde478c76ad015320eb01057134c40f72879090e4
mtop:122,mtop,What are the top headlines for today,get stories news,mtop,0,36,63,63,0.6426,0.4436,d0520a5b53d0a0076c20335b39318eb76e72611be8c0fe6d5da1066a71810ab0
mtop:123,mtop,create one timer for 18 minutes and another for 15 minutes and another for 6 minutes,create timer,mtop,0,84,63,63,0.8238,0.409,e942e9738475b87ebe39b718d64dcdcc2850b3354eb654b4b313f72591425bc8
mtop:124,mtop,Set reminder to check oven in 1 hour,create reminder,mtop,0,36,63,63,0.8209,0.4073,8890119aa09a23d20298dc4cd9551d12af946d4b406704ee71ceb5761ee408a5
mtop:125,mtop,Do I have friends in Mississippi?,get contact,mtop,0,33,63,63,0.8531,0.4617,71c7c5090752dafb50d977f60a44afd300d9c93903409d198303b685cc19343e
mtop:126,mtop,What's the outlook for the first day of the school summer holidays?,weather,mtop,0,67,63,63,0.7562,0.482,ec38204502b71a65c62edafe94f06fe78b72c1831171017e40b67f646eb7a139
mtop:127,mtop,call Josephine 's auntie,create call,mtop,0,24,63,63,0.6885,0.4084,d617a66200814684c46ff6cc1a18e9c6a6ac9818dbd68abbb8d6f2ca208d3266
mtop:128,mtop,Switch the call right now,switch call,mtop,0,25,63,63,0.7079,0.438,75b32f1846b719706f8df306fb0e2a804059984d6a869c91b43e67a8a5f14d49
mtop:129,mtop,I am not available.,set unavailable,mtop,0,19,63,63,0.6255,0.4339,a6248e4dcca18d6861acb79f157ff43e63e53470b0a388337581d0c294111ce2
mtop:130,mtop,What are the ingredients in Chicken Masala,get info recipes,mtop,0,42,63,63,0.9022,0.4199,1c5bb830da09ac7e1e5ef19161f5bbc10cb0a4196cd321f2517d4c077873f7f9
mtop:131,mtop,what reminders do i have set for this weekend,get reminder,mtop,0,45,63,63,0.8379,0.3942,ff88f0642edce1b93a0d84b548cbbd1d6447b509df494576f51906e053d15c96
mtop:132,mtop,Where is John from?,get location,mtop,0,19,63,63,0.7854,0.419,6558263af9c48a79400ee007b2f22f00c407895bb5494e1585f0b0cbd320c088
mtop:133,mtop,phone Sadie Bean's partner,create call,mtop,0,26,63,63,0.7471,0.4105,c739e3275534d6e25aafd72e7f50f4f6f20b61ad9ea2788b3ba2200395f5e7c5
mtop:134,mtop,call Veronica 's dad,create call,mtop,0,20,63,63,0.6885,0.4105,cbc278592a47557214257435fb3a1a420531304e35209e86b6c1782b214d6730
mtop:135,mtop,Call Steven,create call,mtop,0,11,63,63,0.6885,0.4105,3e029802f81621b574b1b5465c429eee11429894112cf603b4a73fcf87e59cad
mtop:136,mtop,message a video message to Gregory,send message,mtop,0,34,63,63,0.6711,0.4231,43e6d3c5ad520b45065187d246f47b3ce027f372d8f18af43a6375b770bd60a6
mtop:137,mtop,are there any politicians in the news today,get stories news,mtop,0,43,63,63,0.7803,0.4436,597e6074b4d3e4599397af135f502997a23f5af92386f2b7b9abbcf9ebee23b8
mtop:138,mtop,Has Dennis worked for ABC before?,get employer,mtop,0,33,63,63,0.8081,0.4295,df8c4baadc983883b9783c7d781521c1bca755de730ef30b4ffba81e8847bf92
mtop:139,mtop,call Day and Holt,create call,mtop,0,17,63,63,0.6885,0.4084,236dd9cc1e61c5034fe1920fe832e89a84e4ff5ea1b096f4f3709daf6790eed0
mtop:140,mtop,Remind me to make an appointment for an oil change.,create reminder,mtop,0,51,63,63,0.8451,0.4214,23ebd7e12de1d81ea531d656fc05705e75bf5f1b399ff8fcb6f3c3f850f4b98b
mtop:141,mtop,where in NJ does Mark live,get location,mtop,0,26,63,63,0.7854,0.419,bac132ee00315293a3ba77dc63d47cb2ec263fe4ae4fc72857b31e5ef19849e1
mtop:142,mtop,Play more songs in this genre,play music,mtop,0,29,63,63,0.7836,0.4355,398ab8f3fc053916962f0aedd8bd33575593319eaf01394cc857857b17aa168d
mtop:143,mtop,Temperature near Menlo Park this weekend Fahrenheit,weather,mtop,0,51,63,63,0.6612,0.4805,1043553929321e7660c898f69c14ede7b3de24611d26efebfe34bc1da55398e2
mtop:144,mtop,Get me all the reminders for this week's dates with Zach.,get reminder,mtop,0,57,63,63,0.8373,0.3965,6655409a6a183c810a916026ebd4ca5ae171ed0464d0310be6876f76035ecda1
mtop:145,mtop,Who is reachable now,get availability,mtop,0,20,63,63,0.618,0.4195,407fac0d523ff00c39bb7de3b68b3acc617116cb031772db7e0ca6ba264c8ed4
mtop:146,mtop,How many days has trump been on vacation?,question news,mtop,0,41,63,63,0.7392,0.4611,29a1735a4d4b1a6dbe4507f9f570143a04e5085e87e78c075603a189a2a93f65
mtop:147,mtop,"IS THE WEATHER GOING TO BE NICE IN BELLINGHAM, WA",weather,mtop,1,49,63,63,0.6612,0.4806,f504ab5b91dba4739d69e23c385c6520130ccddc62d9f06743a80fd94e28abfd
mtop:148,mtop,Dictate that I will go to Barry's graduation party.,send message,mtop,0,51,63,63,0.7233,0.4232,65c151960ceba68192180effa7f03c213db0dbf2b2eabb8a675ed208c0ef3694
mtop:149,mtop,Read me more on the top stories,get stories news,mtop,0,31,63,63,0.6904,0.4436,6acd9467da4d221f213410c3ab2bb660b45b8c132964de802d8d899cc7b0a264
mtop:150,mtop,make a timer to last 1 minute,create timer,mtop,0,29,63,63,0.8238,0.409,fb9be3b3922633b2a8e597e862e977e802804482fce292d2f41a21763b1917e2
mtop:151,mtop,turn off all alarms and timers,silence alarm,mtop,0,30,63,63,0.7433,0.3821,4630510122d366a38b17fc08a2071ece50fbc15a1fe59870c06a0a5625b96cd7
mtop:152,mtop,Begin call with joey,create call,mtop,0,20,63,63,0.6885,0.4105,50f977ad86283d4d67227a5cc1d9b7dc7fb73ec53601678c504a79e5653a5cc2
mtop:153,mtop,show me spaghetti sauce recipes with no onions,get recipes,mtop,0,46,63,63,0.6991,0.4319,1f089b5ab39bc70f139021d23af3f53e1a57cd84de3d51bd71a41cc2e1fbe423
mtop:154,mtop,Share the weather forecast on Wednesday,weather,mtop,1,39,63,63,0.6612,0.4806,e37446904a0b48df38f06f6ad0a9d4b9b8e5d1f9e8da3b403b8bdbfc50e6868e
mtop:155,mtop,Remind me to wish stella a happy birthday tomorrow,create reminder,mtop,0,50,63,63,0.8451,0.4214,c906857d875a5b6a960993db11bb03834cae9b2ce34ac24283bbca45f86cc089
mtop:156,mtop,can you send Judith the video message via Messenger,send message,mtop,0,51,63,63,0.6711,0.4232,a38a9af6ca1aae3fce236851b508465676a1cd34527232b96c246aef71eb59ec
mtop:157,mtop,Remind me to defrost meat on sunday,create reminder,mtop,0,35,63,63,0.8451,0.4214,bae4f9a4a5ca4cd34bd08164f34425d09db7b156da7c2e1c11b84cc7fb340984
mtop:158,mtop,Set work alarm for 8:00am tomorrow morning.,create alarm,mtop,0,43,63,63,0.7692,0.4031,1353d2e340229e313c0527ebcbf5c116e901a4f9116192ebb48182cf3ab94352
mtop:159,mtop,Set up a reminder to meet my daughter this coming weekend,create reminder,mtop,0,57,63,63,0.8209,0.4073,5557672273d0d439d43cdaecdae0690b57a94c72f1c708e82a742f8e2496a18e
mtop:160,mtop,Message Brody and find out if he has an address for Brock.,send message,mtop,0,58,63,63,0.7233,0.4231,1f68ce5cf41b276bfedea0417afbc9d766d80c9482b239ea0d4e97fb39ee3345
mtop:161,mtop,start timer for 10 minutes,create timer,mtop,0,26,63,63,0.8238,0.409,a20894c341b3ebb8536e8e0ed49d58b8ea26b38301c60af2e3264019c3afa422
mtop:162,mtop,tell me who works at el pollo loco,get contact,mtop,0,34,63,63,0.8531,0.4617,43119efd170283ae73aec28be1ac8d91464914045eeb9634dbd4a192a967eb12
mtop:163,mtop,"Tell me what are the top news stories today for Dallas, Texas",get stories news,mtop,0,61,63,63,0.6426,0.4436,76fdcaa409f73dc4ed4af0617f4b79bfd62aee8d72ba3a8fd334a6285442c273
mtop:164,mtop,How many seconds are left on my timer?,get timer,mtop,0,38,63,63,0.8981,0.4345,27a9454c003029001980638ff21ca68370d5c1bd1f3d0e4e98294ebfda0014fe
mtop:165,mtop,try calling Sherman Angelica,create call,mtop,0,28,63,63,0.7419,0.4105,f6e6262de47b3617a24bd76647d9b17beb18a605e28f79ce54b9f201a2eb787e
mtop:166,mtop,Put my no cussing timer on hold for now.,pause timer,mtop,0,40,63,63,0.8562,0.4352,b0de20b9e860f669289a2d3cb597792666bd6637ce055f3109005836ee831f2e
mtop:167,mtop,"remind me to black out the week of August 27th,  i will be out of town.",create reminder,mtop,0,71,63,63,0.8451,0.4214,c1a741be5ab661705776603c44a8390407f10ce2f04dfdf20456975f31656318
mtop:168,mtop,can you call 504-555-4870,create call,mtop,0,25,63,63,0.675,0.4105,cab0a97f0df8e312d5878f38db6deeeb39a721fe6d97d670ff548727434c510b
mtop:169,mtop,Ring Dave,create call,mtop,0,9,63,63,0.6885,0.4105,0433b4172c83f291bed7abc9743a1c2fe2d3a16862e4465a18630f4d1a27bf7b
mtop:170,mtop,what are the things to do in LA next weekend,get event,mtop,0,44,63,63,0.8532,0.4233,6598ba87435aba2df64f0e1a9f297983e039434ca62185376b8a54f9160b5947
mtop:171,mtop,Id like to video message Brian J Baker,send message,mtop,0,38,63,63,0.6554,0.4215,793179b62f6cda039fffe03f1e7409a46849d9340a9dab5bad6dfc341d681734
mtop:172,mtop,Is it going to snow on Christmas day in London?,weather,mtop,0,47,63,63,0.6612,0.4801,b5e1e4707e5fc109df723f4d6bdb6f1f860d1798c4a15204d54079b039956f37
mtop:173,mtop,Delete my reminders for today.,delete reminder,mtop,0,30,63,63,0.7791,0.391,77a81572f1b6df4de9ea18b14e8a3e3c9e65f9e4dfed00fcbfc5d18beb426546
mtop:174,mtop,we are gonna call Yareli Montes now,create call,mtop,0,35,63,63,0.7471,0.4185,b46e0dc1b6a5368a7d6241da7af3bedaf1073db71edbf172e949fad6e0443385
mtop:175,mtop,Create a reminder to call Green Home Pest Control to inform them we have scorpions by the dumpster.,create reminder,mtop,0,99,63,63,0.9422,0.4214,a4d8403a6bf5007a4392424d47e360bb41dc489612b5dfaff0928605852cfa1f
mtop:176,mtop,Tell me of Jans availability online,get availability,mtop,0,35,63,63,0.618,0.4195,ff5b5ffb9a9afdc4ef7f96d0270dbf6f64b20ac9a0e94c20772ebe979a559aff
mtop:177,mtop,Do you use cornstarch for an apple pie,is true recipes,mtop,0,38,63,63,0.6212,0.4053,827cb11b603f37a9245323b4a0d47c8f5d79a5dfc65840ab1cb8e4000240b77d
mtop:178,mtop,Set alarm for four hours from now,create alarm,mtop,0,33,63,63,0.7692,0.3987,3a24524448380e9b4c48b8787cd9847b052652dd20d8e19f42a697479df3e960
mtop:179,mtop,play cardi b,play music,mtop,0,12,63,63,0.7836,0.439,80de289bd43ebd1961d60fc0290af0f96282aa2527d064d670f208bf7373303a
mtop:180,mtop,Remind me to buy flowers for my mom,create reminder,mtop,0,35,63,63,0.8451,0.4214,9a0250846caa7fbba5ef8401aad8d967c3f6ea8270ded59916910af7ad443112
mtop:181,mtop,anything to do this weekend,get event,mtop,0,27,63,63,0.8532,0.4233,8bb0c08f8f3f4c92fb922e05ec21d00c627896642ebf0700e1e7d9cdf1020fe4
mtop:182,mtop,what is new in local news,get stories news,mtop,0,25,63,63,0.6426,0.4436,c0e77586f7b5d4f9adbf5ab81f9b2159419bc878f5ee42d10dc3615e63c08dc8
mtop:183,mtop,"Create call for me Harrison Foreman, Jake Blevins, and Kate Rogers",create call,mtop,1,66,63,63,0.6885,0.4105,9b9fd2fe9224388b026aa5147fc5a7f18c74a42fea3981ab0007c4ba69321fd8
mtop:184,mtop,i want to call my family group,create call,mtop,0,30,63,63,0.675,0.4105,c36eca89f79bdd2a609eb9118acfbfe78cc51cfb7f4d628fdf3f1f05ce5cdc23
mtop:185,mtop,When does Dawn graduate from the culinary school?,get education time,mtop,0,49,63,63,0.7945,0.4288,e2ce2d8cd45e79335d4ea1de7eff4c0486ac6a65bd8662532adb24b421151c48
mtop:186,mtop,Did I set a reminder for October 6 doctor appointment,get reminder,mtop,0,53,63,63,0.8379,0.3954,54833be24af034a6065c53cc9f12f9b51f172a605b6e9953b243ffdbb030aa25
mtop:187,mtop,Change my reminder for Zumba class tonight from 6:30pm to 5:30pm.,update reminder date time,mtop,0,65,63,63,0.8951,0.4137,c47e5c46721943155c93155eff16972fb4fc2fb9f3f227cbf85d8c0524c2fc1a
mtop:188,mtop,lengthen my timer by 11 minutes,add time timer,mtop,0,31,63,63,0.8553,0.4266,54706602e3ff44c8aa25a0ebca58e2c2677f4ca72c9872f3cf99e657da17e937
mtop:189,mtop,List the ingredients of spaghetti sauce,get info recipes,mtop,0,39,63,63,0.7447,0.4199,2b9208a5f5ec895d5afa9d53984f6c0b0132be2db36dbbcdae4b93f88f041de2
mtop:190,mtop,Please put my alarm on snooze for 20 minutes.,snooze alarm,mtop,0,45,63,63,0.7265,0.4159,ed10528d3053b57b9de41f8b440c605cfe5bfc75b1c0afcc824c79744bc5e45a
mtop:191,mtop,What are the headlines for today in the news?,get stories news,mtop,0,45,63,63,0.6426,0.4436,be0713aef8ab17a6ba6af10b67d6ab6d5b3d19ce55debbb1041033f825ac9276
mtop:192,mtop,Stop finish this call.,end call,mtop,0,22,63,63,0.7153,0.4334,7ee50f9d424110b65f0d7099167d9b681d093e5f5f46ec0e14592cae6cda0bff
mtop:193,mtop,give me a reminder of what alarms I have,get alarm,mtop,0,40,63,63,0.8002,0.446,b27fe1e786d2e82d81b96f08c3e472405a75d02e6dd19b794344fe1f94003f36
mtop:194,mtop,Show me messages from Beth via Messenger,get message,mtop,0,40,63,63,0.7213,0.4459,00b08873ec6f117694fd0f2bb53dd36b09f67629f24a40343f96647b7733e08f
mtop:195,mtop,Have i missed any calls today?,get call,mtop,0,30,63,63,0.7951,0.4517,b37f7630a7ccda893a7d78263fb17100d837991f3a615f93c6b2319110d5452d
mtop:196,mtop,Send a text that says Here,send message,mtop,0,26,63,63,0.6711,0.4231,a94c1d4120a8fe20c68a85731dd5921c36cba2d5b2e2ca038c71a9d7ba69c2ca
mtop:197,mtop,please remove all my reminder,delete reminder,mtop,0,29,63,63,0.7566,0.391,680326131fe68ee2789f69c5d2c8acbb869b7ef9f93467b19f74f56c907f83b2
mtop:198,mtop,What parties are in Miami tonight,get event,mtop,0,33,63,63,0.8532,0.4232,e67e481bc4cb82f7ce053faae1ecc371808677c34701e4272888a94b00b97cb8
mtop:199,mtop,Stop playing the music,stop music,mtop,0,22,63,63,0.7509,0.4105,151ff2c3a1c0cb3726ce148131d00c4b383704bcf5e1136e5d02e14d3f6c3810
